family_label,variation,variation_keys,category,year,name,source_formula,symbol,semantic,canonical_parameter,kept,reason
,,,parallel,,,,,,,False,no problem family recorded
,,,quantum,1996.0,A Framework for Quantum Search Heuristics,O(L),,,,False,no problem family recorded
,,,quantum,2002.0,Graph Coloring with Quantum Heuristics,O(n * V),,,,False,no problem family recorded
,,,quantum,2011.0,Luis Tarrataca et al.,O(b_avg^(m/2)),,,,False,no problem family recorded
,,,quantum,2022.0,Quantum Tree Search with Qiskit,O(B_avg^(m/2)),,,,False,no problem family recorded
,,,serial,,,,,,,False,no problem family recorded
,,,serial,,,,,,,False,no problem family recorded
,,,serial,,,,,,,False,no problem family recorded
,,,serial,,,,,,,False,no problem family recorded
4nf Decomposition,,(general),serial,1967.0,Tradu; Mirc,$O(2^n)$,n,raw:number attributes,number attributes,True,kept
4nf Decomposition,,(general),serial,1972.0,Xu; Renio,$O(2^n)$,n,raw:number attributes,number attributes,True,kept
4nf Decomposition,,(general),serial,1972.0,Xu; Renio,$O(2^n)$,n,raw:number attributes,number attributes,True,kept
4nf Decomposition,,(general),serial,1972.0,Xu; Renio,$O(2^n)$,n,raw:number attributes,number attributes,True,kept
4nf Decomposition,,(general),serial,1972.0,Xu; Renio,$O(2^n)$,n,raw:number attributes,number attributes,True,kept
4nf Decomposition,,(general),serial,1972.0,Xu; Renio,$O(2^n)$,n,raw:number attributes,number attributes,True,kept
4nf Decomposition,,(general),serial,1972.0,Xu; Renio,$O(2^n)$,n,raw:number attributes,number attributes,True,kept
4nf Decomposition,,(general),serial,1972.0,Xu; Renio,$O(2^n)$,n,raw:number attributes,number attributes,True,kept
All Maximal Non-branching Paths in a Graph,All Maximal Non-Branching Paths in a Graph,(general),serial,1940.0,Naive,$O(m)$,,,an undefined parameter,False,year missing or outside 1950-2026
All Permutations,All Permutations,(general),parallel,1987.0,Akl,$O(n! * n)$,,,an undefined parameter,False,formula not usable: factorial runtimes are not evaluated
All Permutations,All Permutations,(general),serial,1956.0,Tompkins–Paige algorithm,$O(n \cdot n!)$,,,an undefined parameter,False,formula not usable: factorial runtimes are not evaluated
All Permutations,All Permutations,(general),serial,1963.0,Steinhaus–Johnson–Trotter algorithm,$O(n \cdot n!)$,,,an undefined parameter,False,formula not usable: factorial runtimes are not evaluated
All Permutations,All Permutations,(general),serial,1963.0,Heap's algorithm,$O(n \cdot n!)$,,,an undefined parameter,False,formula not usable: factorial runtimes are not evaluated
All-Pairs Shortest Paths,APSP,apsp,parallel,1977.0,Savage,$O(n^3*\log(n))$,n,vertices,vertices in the graph,True,kept
All-Pairs Shortest Paths,APSP,apsp,parallel,1981.0,Dekel; Nassimi & Sahni,$O(n^3*\log^2(n))$,n,vertices,vertices in the graph,True,kept
All-Pairs Shortest Paths,APSP,apsp,parallel,1982.0,Kucera,$O(n^4*\log(n))$,n,vertices,vertices in the graph,True,kept
All-Pairs Shortest Paths,APSP,apsp,parallel,1992.0,Takaoka,$O(n^3*(\log n)^{1/2}*(\log \log n)^{1/2})$,n,vertices,vertices in the graph,True,kept
All-Pairs Shortest Paths,APSP,apsp,parallel,1992.0,"Han, Pan & Reif (1)",$o(n^3)$,n,vertices,vertices in the graph,True,kept
All-Pairs Shortest Paths,APSP,apsp,parallel,1992.0,"Han, Pan & Reif (2)",$o(n^3)$,n,vertices,vertices in the graph,True,kept
All-Pairs Shortest Paths,APSP,apsp,parallel,1992.0,"Han, Pan & Reif (3)",$O(n^3)$,n,vertices,vertices in the graph,True,kept
All-Pairs Shortest Paths,APSP,apsp,parallel,1998.0,Takaoka,$O(n^3(\log \log n)^{3/2}/(\log n)^{1/2}) = o(n^3)$,n,vertices,vertices in the graph,True,kept
All-Pairs Shortest Paths,APSP on Dense Directed Graphs with Arbitrary Weights,apsp on dense directed graphs with arbitrary weights,parallel,2001.0,Tiskin,$O(n^3)$,n,vertices,vertices in the graph,True,kept
All-Pairs Shortest Paths,APSP,apsp,parallel,2004.0,Takaoka,$O(n^3*\log^2(\log n)/\log n)$,n,vertices,vertices in the graph,True,kept
All-Pairs Shortest Paths,APSP,apsp,parallel,2013.0,"Solomonik, Buluç, Demmel",$O(n^3)$,n,vertices,vertices in the graph,True,kept
All-Pairs Shortest Paths,APSP (Adjacency List Model),apsp,quantum,2006.0,Furrow 3,O(sqrt(n^3*m)*log(n) + n^2*log^3(n)),n,vertices,vertices in the graph,True,kept; substituted worst-case edges in the graph for 'm'
All-Pairs Shortest Paths,APSP (Adjacency Matrix Model),apsp,quantum,2006.0,Furrow 3,O(n^(5/2)*log(n)),n,vertices,vertices in the graph,True,kept
All-Pairs Shortest Paths,APSP on Geometrically Weighted Graphs,apsp on geometrically weighted graphs,quantum,2014.0,"Nayebi, Williams",O(n^(5/2 - ε)),,,vertices in the graph,False,"also depends on 'epsilon' (an undefined parameter), which has no worst-case bound in terms of vertices in the graph"
All-Pairs Shortest Paths,APSP on Dense Undirected Graphs with Positive Integer Weights,apsp on dense undirected graphs with positive integer weights,quantum,2014.0,"Nayebi, Williams",O(n^(5/2 - ε)),,,vertices in the graph,False,"also depends on 'epsilon' (an undefined parameter), which has no worst-case bound in terms of vertices in the graph"
All-Pairs Shortest Paths,APSP on Sparse Directed Graphs with Arbitrary Weights,apsp on sparse directed graphs with arbitrary weights,quantum,2025.0,Prasad,O(n^5/2 + m),n,vertices,vertices in the graph,True,kept; substituted worst-case edges in the graph for 'm'
All-Pairs Shortest Paths,APSP on Dense Directed Graphs with Arbitrary Weights,apsp on dense directed graphs with arbitrary weights,serial,1953.0,Shimbel Algorithm,$O(n^4)$,n,vertices,vertices in the graph,True,kept
All-Pairs Shortest Paths,APSP,apsp,serial,1962.0,Floyd–Warshall algorithm,$O(n^3)$,n,vertices,vertices in the graph,True,kept
All-Pairs Shortest Paths,APSP on Dense Undirected Unweighted Graphs; APSP on Sparse Undirected Unweighted Graphs,apsp on dense undirected unweighted graphs; apsp on sparse undirected unweighted graphs,serial,1995.0,Seidel's algorithm,$O(n^{2.373} \log n)$,n,vertices,vertices in the graph,True,kept
All-Pairs Shortest Paths,APSP on Dense Undirected Graphs with Positive Integer Weights; APSP on Sparse Undirected Graphs with Positive Integer Weights,apsp on dense undirected graphs with positive integer weights; apsp on sparse undirected graphs with positive integer weights,serial,1999.0,Thorup,$O(mn)$,n,vertices,vertices in the graph,True,kept; substituted worst-case edges in the graph for 'm'
All-Pairs Shortest Paths,APSP on Dense Undirected Graphs with Arbitrary Weights; APSP on Sparse Undirected Graphs with Arbitrary Weights,apsp on dense undirected graphs with arbitrary weights; apsp on sparse undirected graphs with arbitrary weights,serial,2002.0,Pettie & Ramachandran,"$O(mn \log \alpha(m,n))$",,,vertices in the graph,False,"formula not usable: could not parse 'mn log(ackinv)*(m,n)' (TypeError)"
All-Pairs Shortest Paths,APSP on Geometrically Weighted Graphs,apsp on geometrically weighted graphs,serial,2009.0,Chan (Geometrically Weighted),$O(n^{2.844})$,n,vertices,vertices in the graph,True,kept
All-Pairs Shortest Paths,APSP on Dense Directed Graphs with Arbitrary Weights; APSP on Dense Undirected Graphs with Arbitrary Weights,apsp on dense directed graphs with arbitrary weights; apsp on dense undirected graphs with arbitrary weights,serial,2009.0,Chan,$O(n^3 \log^3 \log n / \log^2 n)$,,,vertices in the graph,False,formula not usable: could not parse 'n^3 (log(log))**(3) n / (log(n))**(2)' (TypeError)
All-Pairs Shortest Paths,APSP on Dense Directed Graphs with Arbitrary Weights,apsp on dense directed graphs with arbitrary weights,serial,2014.0,Williams,$O(n^3/2^{\sqrt{\log n}})$,n,vertices,vertices in the graph,True,kept
Ast to Code Translation,Arithmetic Expression Binary Tree,arithmetic expression binary tree,serial,1970.0,Sethi–Ullman Algorithm,$O(n)$,n,vertices,vertices in the graph,True,kept
Bcnf Decomposition,Decisional Perfect BCNF,decisional perfect bcnf,serial,1992.0,Liu,$O(kn^2)$,,,an undefined parameter,False,family has no usable input-size parameter
Block Ciphers,Block Ciphers,(general),serial,1976.0,Lucifer / DES,$O(n)$,n,text_length,text length,True,kept
Block Ciphers,Block Ciphers,(general),serial,1991.0,IDEA,$O(n)$,n,text_length,text length,True,kept
Block Ciphers,Block Ciphers,(general),serial,1993.0,Blowfish,$O(n)$,n,text_length,text length,True,kept
Block Ciphers,Block Ciphers,(general),serial,1994.0,RC5,$O(n)$,n,text_length,text length,True,kept
Block Ciphers,Block Ciphers,(general),serial,2001.0,Rijndael / AES,$O(n)$,n,text_length,text length,True,kept
Boolean Satisfiability,2-SAT,2-sat,quantum,2015.0,A linear time algorithm for quantum 2SAT,,,,an undefined parameter,False,formula not usable: no formula recorded
Boolean Satisfiability,k-SAT,k-sat,quantum,2015.0,Computational Complexity of Quantum Satisﬁability,,,,an undefined parameter,False,formula not usable: no formula recorded
Boolean Satisfiability,2-SAT,2-sat,quantum,2016.0,Linear time algorithm for quantum 2SAT,,,,an undefined parameter,False,formula not usable: no formula recorded
Boolean Satisfiability,3-SAT,3-sat,quantum,2017.0,Measurement-driven quantum computing: Performance of a 3-SAT solver,,,,an undefined parameter,False,formula not usable: no formula recorded
Boolean Satisfiability,k-SAT,k-sat,quantum,2023.0,Testing quantum satisfiability,,,,an undefined parameter,False,formula not usable: no formula recorded
Boolean Satisfiability,k-SAT,k-sat,quantum,2024.0,Solving k-SAT problems with generalized quantum measurement,,,,an undefined parameter,False,formula not usable: no formula recorded
Boolean Satisfiability,k-SAT,k-sat,quantum,2024.0,Solving Boolean Satisfiability Problems With The Quantum Approximat...,,,,an undefined parameter,False,formula not usable: no formula recorded
Cardinality Estimation,Cardinality Estimation,(general),serial,1940.0,Naive solution,$O(N)$,,,an undefined parameter,False,year missing or outside 1950-2026
Cardinality Estimation,streaming,streaming,serial,1980.0,Min/max sketches streaming algorithm,$O(N)$,,,an undefined parameter,False,"approximation algorithm, not comparable to an exact runtime"
Cardinality Estimation,streaming,streaming,serial,1980.0,Bottom-m sketches streaming algorithm,$O(N)$,,,an undefined parameter,False,"approximation algorithm, not comparable to an exact runtime"
Cardinality Estimation,Cardinality Estimation,(general),serial,1984.0,Flajolet–Martin algorithm,$O(N)$,,,an undefined parameter,False,"approximation algorithm, not comparable to an exact runtime"
Cardinality Estimation,Cardinality Estimation,(general),serial,2003.0,LogLog algorithm,$O(N)$,,,an undefined parameter,False,"approximation algorithm, not comparable to an exact runtime"
Cardinality Estimation,Cardinality Estimation,(general),serial,2007.0,HyperLogLog algorithm,$O(N)$,,,an undefined parameter,False,"approximation algorithm, not comparable to an exact runtime"
Cardinality Estimation,Cardinality Estimation,(general),serial,2014.0,HyperLogLog++,$O(N)$,,,an undefined parameter,False,"approximation algorithm, not comparable to an exact runtime"
Cfg Problems,CFG Parsing,cfg parsing,parallel,1985.0,Parallel Earley's method,$O(n^3)$,n,string_length,input string length,True,kept
Cfg Problems,CFG Parsing,cfg parsing,parallel,1992.0,"Barnard, Skillicorn",$O(n^3)$,n,string_length,input string length,True,kept
Cfg Problems,CFG Recognition,cfg recognition,serial,1968.0,Cocke–Younger–Kasami algorithm,$O(n^3 |G|)$,,,input string length,False,formula not usable: could not parse 'n^3 |G|' (SyntaxError)
Cfg Problems,CFG Parsing,cfg parsing,serial,1968.0,Earley parser,$O(n^3)$,n,string_length,input string length,True,kept
Cfg Problems,CFG Parsing,cfg parsing,serial,1974.0,GLR parser,$O(n^3)$,n,string_length,input string length,True,kept
Cfg Problems,CFG Recognition,cfg recognition,serial,1975.0,Valiant,$O(n^{\omega} |G|)$,,,input string length,False,formula not usable: could not parse 'n^( omega ) |G|' (SyntaxError)
Change-making Problem,Change-Making Problem,(general),serial,1940.0,Brute Force,$O(S^n)$,,,an undefined parameter,False,year missing or outside 1950-2026
Change-making Problem,Change-Making Problem,(general),serial,1953.0,Dynamic Programming,$O(Sn)$,,,an undefined parameter,False,family has no usable input-size parameter
Change-making Problem,Change-Making Problem,(general),serial,2014.0,Probabilistic Convolution Tree,$O(n \log n)$,,,an undefined parameter,False,"approximation algorithm, not comparable to an exact runtime"
Clique Problems,"Enumerating Maximal Cliques, arbitrary graph","enumerating maximal cliques, arbitrary graph",parallel,1988.0,"Dahlhaus, Karpinski",$O(M^6 n^2 \log^3{nM})$,,,vertices in the graph,False,"also depends on 'M' (number cliques), which has no worst-case bound in terms of vertices in the graph"
Clique Problems,"Enumerating Maximal Cliques, arbitrary graph","enumerating maximal cliques, arbitrary graph",parallel,2018.0,"Das, Sanei-Mehri, Tirthapura",$O(3^{n/3})$,n,vertices,vertices in the graph,True,kept
Clique Problems,Enumerating k-Cliques; k-Clique,enumerating k-cliques; k-clique,parallel,2019.0,Garcia,$O(m^{k/2})$,,,vertices in the graph,False,"measured in edges in the graph, required clique size, but this family is compared in vertices in the graph"
Clique Problems,Max-Weight Clique,max-weight clique,parallel,2021.0,"Shi, Dhulipala, Shun",$O(m \\alpha^{k-2})$,,,vertices in the graph,False,"measured in arboricity which worst case m, edges in the graph, required clique size, but this family is compared in vertices in the graph"
Clique Problems,Max-Weight Clique,max-weight clique,parallel,2021.0,"Gianinazzi, Besta, Schaffner, Hoefler",$O(m \\alpha^{k-2})$,,,vertices in the graph,False,"measured in arboricity which worst case m, edges in the graph, required clique size, but this family is compared in vertices in the graph"
Clique Problems,"Enumerating Maximal Cliques, arbitrary graph","enumerating maximal cliques, arbitrary graph",serial,1973.0,Bron–Kerbosch algorithm,$O(3^{n/3})$,n,vertices,vertices in the graph,True,kept
Clique Problems,"Enumerating Maximal Cliques, arbitrary graph","enumerating maximal cliques, arbitrary graph",serial,1973.0,Akkoyunlu; E. A.,$O(3^{n/3})$,n,vertices,vertices in the graph,True,kept
Clique Problems,"Enumerating Maximal Cliques, arbitrary graph","enumerating maximal cliques, arbitrary graph",serial,1977.0,"Shuji Tsukiyama, Mikio Ide, Hiromu Ariyoshi, and Isao Shirakawa",$O(nm 3^{n/3})$,n,vertices,vertices in the graph,True,kept; substituted worst-case edges in the graph for 'm'
Clique Problems,"Enumerating Maximal Cliques, arbitrary graph","enumerating maximal cliques, arbitrary graph",serial,1985.0,Chiba and Nishizeki,$O(a(G)m 3^{n/3})$,,,vertices in the graph,False,"formula depends on too many parameters (G, a, m, n)"
Clique Problems,"Enumerating Maximal Cliques, arbitrary graph","enumerating maximal cliques, arbitrary graph",serial,1989.0,M. Chrobak and D. Eppstein,$O(n d^2 2^d)$,,,vertices in the graph,False,"also depends on 'd' (degeneracy graph worst case d o n), which has no worst-case bound in terms of vertices in the graph"
Clique Problems,"Enumerating Maximal Cliques, arbitrary graph","enumerating maximal cliques, arbitrary graph",serial,2004.0,"Kazuhisa Makino, Takeaki Uno; Section 5",$O(n^{\omega} 3^{n/3})$,,,vertices in the graph,False,"also depends on 'omega' (exponent on matrix multiplication), which has no worst-case bound in terms of vertices in the graph"
Clique Problems,"Enumerating Maximal Cliques, arbitrary graph","enumerating maximal cliques, arbitrary graph",serial,2006.0,Tomita; Tanaka & Takahashi,$O(3^{n/3})$,n,vertices,vertices in the graph,True,kept
Clique Problems,"Enumerating Maximal Cliques, arbitrary graph","enumerating maximal cliques, arbitrary graph",serial,2010.0,"David Eppstein, Maarten Löffler, Darren Strash",$O(dn 3^{d/3})$,,,vertices in the graph,False,"also depends on 'd' (degeneracy graph worst case d o n), which has no worst-case bound in terms of vertices in the graph"
Clock Synchronization in Distributed Systems,Clock Synchronization in Distributed Systems,(general),serial,2004.0,MATSF,$O(n)$,n,vertices,vertices in the graph,True,kept
Clock Synchronization in Distributed Systems,Clock Synchronization in Distributed Systems,(general),serial,2005.0,ASP,$O(n)$,n,vertices,vertices in the graph,True,kept
Clock Synchronization in Distributed Systems,Clock Synchronization in Distributed Systems,(general),serial,2007.0,Clock-sampling mutual network synchronization,$O(n)$,n,vertices,vertices in the graph,True,kept
Closest Pair Problem,2-dimensional array representation,2-dimensional array representation,parallel,1986.0,"Atallah, Goodrich",$O(n \log n \log \log n)$,n,points,input points,True,kept
Closest Pair Problem,"2-dimensional space, Euclidean metric","2-dimensional space, euclidean metric",parallel,1988.0,Cole & Gooddrich,$O(n \log n)$,n,points,input points,True,kept
Closest Pair Problem,"2-dimensional space, Eucledian metric","2-dimensional space, eucledian metric",parallel,1991.0,"MacKenzie, Stout",$O(n)$ expected,n,points,input points,True,kept
Closest Pair Problem,"k-dimensional space, $l_m$ (or $l_\infty$) norm","k-dimensional space, $l_m$ (or $l_\infty$) norm",parallel,1992.0,Lenhof & Smid,$O(nlog n \log \log n + k)$,,,input points,False,"also depends on 'k' (kth closest pair), which has no worst-case bound in terms of input points"
Closest Pair Problem,"2-dimensional space, Euclidean metric","2-dimensional space, euclidean metric",parallel,1993.0,Callahan,$O(n \log n)$,n,points,input points,True,kept
Closest Pair Problem,Euclidean space in k dimensions,euclidean space in k dimensions,parallel,2016.0,"Blelloch, Gu, Shun, Sun",$O(n)$ expected,n,points,input points,True,kept
Closest Pair Problem,Euclidean space in k dimensions,euclidean space in k dimensions,quantum,2020.0,"Aaronson, Chia, Lin, Wang, Zhang",,,,input points,False,formula not usable: no formula recorded
Closest Pair Problem,"k-dimensional space, l_m (or l_infty) norm","k-dimensional space, l_m (or l_infty) norm",serial,1975.0,Naive Implementation,$O(kn^2)$,,,input points,False,"also depends on 'k' (dimension space), which has no worst-case bound in terms of input points"
Closest Pair Problem,"2-dimensional space, Euclidean metric","2-dimensional space, euclidean metric",serial,1975.0,Shamos; Hoey,$O(n \log n)$,n,points,input points,True,kept
Closest Pair Problem,"k-dimensional space, l_m (or l_infty) norm","k-dimensional space, l_m (or l_infty) norm",serial,1976.0,Rabin' Algorithm,$O(3^k n^2)$,,,input points,False,"also depends on 'k' (dimension space), which has no worst-case bound in terms of input points"
Closest Pair Problem,"k-dimensional space, l_m (or l_infty) norm","k-dimensional space, l_m (or l_infty) norm",serial,1976.0,Bentley; Shamos,$O(kn \log n)$,,,input points,False,"also depends on 'k' (dimension space), which has no worst-case bound in terms of input points"
Closest Pair Problem,"k-dimensional space, l_m (or l_infty) norm","k-dimensional space, l_m (or l_infty) norm",serial,1979.0,Fortune and Hopcroft,$O(kn \log\log n + n 3^k)$,,,input points,False,"also depends on 'k' (dimension space), which has no worst-case bound in terms of input points"
Closest Pair Problem,"2-dimensional space, l_m (or l_infty) norm","2-dimensional space, l_m (or l_infty) norm",serial,1988.0,Hinrichs; Nievergelt; Schorn,$O(n \log n)$,n,points,input points,True,kept
Closest Pair Problem,"2-dimensional space, Euclidean metric","2-dimensional space, euclidean metric",serial,1995.0,Khuller; Matias,$O(n)$,n,points,input points,True,kept
Collaborative Filtering,Matrix Factorization,matrix factorization,serial,1945.0,LU Matrix Decomposition,$O(n^3)$,,,matrix dimension,False,year missing or outside 1950-2026
Collaborative Filtering,Matrix Factorization,matrix factorization,serial,1955.0,QR Matrix Decomposition,$O(n^2)$,n,matrix_dim,matrix dimension,True,kept
Collaborative Filtering,Matrix Factorization,matrix factorization,serial,1983.0,Cholesky Decomposition,$O(n^2)$,n,matrix_dim,matrix dimension,True,kept
Constructing Eulerian Trails in a Graph,Constructing Eulerian Trails in a Graph,(general),parallel,1984.0,"Atallah, Vishkin",$O(E \log V)$,V,vertices,vertices in the graph,True,kept; substituted worst-case edges in the graph for 'E'
Constructing Eulerian Trails in a Graph,Constructing Eulerian Trails in a Graph,(general),parallel,1984.0,"Awerbuch, Israeli, Shiloach",$O(E \log V)$,V,vertices,vertices in the graph,True,kept; substituted worst-case edges in the graph for 'E'
Constructing Eulerian Trails in a Graph,Constructing Eulerian Trails in a Graph,(general),parallel,1993.0,"Caceres, Deo, Sastry, Szwarcfiter",$O(E \log V)$,V,vertices,vertices in the graph,True,kept; substituted worst-case edges in the graph for 'E'
Constructing Eulerian Trails in a Graph,Constructing Eulerian Trails in a Graph,(general),parallel,1999.0,"Park, Ryu",$O(E \log V)$,V,vertices,vertices in the graph,True,kept; substituted worst-case edges in the graph for 'E'
Constructing Eulerian Trails in a Graph,Constructing Eulerian Trails in a Graph,(general),parallel,2003.0,"Caceres, Nasu",$O(E \log p)$,,,vertices in the graph,False,"measured in edges in the graph, processors, but this family is compared in vertices in the graph"
Constructing Eulerian Trails in a Graph,Constructing Eulerian Trails in a Graph,(general),serial,1873.0,Hierholzer's algorithm,$O(E)$,,,vertices in the graph,False,year missing or outside 1950-2026
Constructing Eulerian Trails in a Graph,Constructing Eulerian Trails in a Graph,(general),serial,1974.0,Fleury's algorithm + Tarjan,$O(E^2)$,,,vertices in the graph,False,"measured in edges in the graph, but this family is compared in vertices in the graph"
Constructing Eulerian Trails in a Graph,Constructing Eulerian Trails in a Graph,(general),serial,2000.0,Fleury's algorithm + Thorup,$O(E \log^3(E) \log\log E)$,,,vertices in the graph,False,"measured in edges in the graph, but this family is compared in vertices in the graph"
Constructing Suffix Trees,Constructing Suffix Trees,(general),parallel,1986.0,"Landau, Vishkin",$O(n^2)$ ?,n,string_length,input string length,True,kept
Constructing Suffix Trees,Constructing Suffix Trees,(general),parallel,1987.0,"Landau, Schieber, Vishkin",$O(n \log n)$ ?,n,string_length,input string length,True,kept
Constructing Suffix Trees,Constructing Suffix Trees,(general),parallel,1988.0,"Apostolico, Iliopoulos, Landau, Schieber, Vishkin",$O((n \log n)/eps)$,,,input string length,False,"also depends on 'p' (an undefined parameter), 's' (an undefined parameter), which has no worst-case bound in terms of input string length"
Constructing Suffix Trees,Constructing Suffix Trees,(general),parallel,1994.0,Süleyman Cenk Sahinalp ; Uzi Vishkin,$O(n \log^* n)$,n,string_length,input string length,True,kept
Constructing Suffix Trees,Constructing Suffix Trees,(general),parallel,1997.0,Hariharan,$O(n)$,n,string_length,input string length,True,kept
Constructing Suffix Trees,Constructing Suffix Trees,(general),parallel,1997.0,Farach,$O(n)$,n,string_length,input string length,True,kept
Constructing Suffix Trees,Constructing Suffix Trees,(general),parallel,2004.0,Rytter,$O(n\log n)$,n,string_length,input string length,True,kept
Constructing Suffix Trees,Constructing Suffix Trees,(general),parallel,2011.0,"Blelloch, Shun",$O(n)$,n,string_length,input string length,True,kept
Constructing Suffix Trees,Constructing Suffix Trees,(general),serial,1973.0,Naive,$O(n^2)$,n,string_length,input string length,True,kept
Constructing Suffix Trees,Constructing Suffix Trees,(general),serial,1973.0,Weiner's algorithm,$O(n)$,n,string_length,input string length,True,kept
Constructing Suffix Trees,Constructing Suffix Trees,(general),serial,1976.0,McCreight,$O(n)$,n,string_length,input string length,True,kept
Constructing Suffix Trees,Constructing Suffix Trees,(general),serial,1993.0,Ukkonen and D. Wood,$O(n^2)$,n,string_length,input string length,True,kept
Constructing Suffix Trees,Constructing Suffix Trees,(general),serial,1995.0,Ukkonen,$O(n)$,n,string_length,input string length,True,kept
Convex Hull,2-dimensional Convex Hull,2-dimensional convex hull,parallel,1980.0,Chow,$O(n \log^2(n))$,n,points,input points,True,kept
Convex Hull,3-dimensional Convex Hull,3-dimensional convex hull,parallel,1980.0,Chow,$O(n \log^3 n)$,n,points,input points,True,kept
Convex Hull,2-dimensional Convex Hull,2-dimensional convex hull,parallel,1981.0,"Nath, Maheshwari, Bhatt [modified CONVEXHULL-4]",$O(n \log n + k \log k \log n)$,,,input points,False,"also depends on 'k' (processor parameter 1 k n), which has no worst-case bound in terms of input points"
Convex Hull,2-dimensional Convex Hull,2-dimensional convex hull,parallel,1981.0,"Nath, Maheshwari, Bhatt [CONVEXHULL-5]",$O(n \log^2(n))$,n,points,input points,True,kept
Convex Hull,2-dimensional Convex Hull,2-dimensional convex hull,parallel,1982.0,Akl,$O(n^3)$,n,points,input points,True,kept
Convex Hull,2-dimensional Convex Hull,2-dimensional convex hull,parallel,1984.0,Akl,$O(n \log h)$,n,points,input points,True,kept; substituted worst-case hull size for 'h'
Convex Hull,2-dimensional Convex Hull,2-dimensional convex hull,parallel,1986.0,"Atallah, Goodrich",$O(n \log n)$,n,points,input points,True,kept
Convex Hull,2-dimensional Convex Hull,2-dimensional convex hull,parallel,1986.0,Stout,$O(n \log n)$ ?,n,points,input points,True,kept
Convex Hull,3-dimensional Convex Hull,3-dimensional convex hull,parallel,1987.0,"Dadoun, Kirkpatrick [randomized]",$O(n \log^2 n)$,n,points,input points,True,kept
Convex Hull,3-dimensional Convex Hull,3-dimensional convex hull,parallel,1987.0,"Dadoun, Kirkpatrick [deterministic]",$O(n \log^2 n \log* n)$,n,points,input points,True,kept
Convex Hull,2-dimensional Convex Hull,2-dimensional convex hull,parallel,1988.0,Miller; Stout,$O(n \log n)$,n,points,input points,True,kept
Convex Hull,2-dimensional Convex Hull,2-dimensional convex hull,parallel,1988.0,"Aggarwal, Chazelle, Guibas, Ó'Dúnlaing, Yap",$O(n \log n)$,n,points,input points,True,kept
Convex Hull,2-dimensional Convex Hull,2-dimensional convex hull,parallel,1988.0,"Cole, Goodrich",$O(n \log n)$,n,points,input points,True,kept
Convex Hull,3-dimensional Convex Hull,3-dimensional convex hull,parallel,1988.0,"Aggarwal, Chazelle, Guibas, Ó'Dúnlaing, Yap",$O(n \log^3 n)$,n,points,input points,True,kept
Convex Hull,2-dimensional Convex Hull,2-dimensional convex hull,parallel,1989.0,Akl,$O(n \log n)$,n,points,input points,True,kept
Convex Hull,2-dimensional Convex Hull,2-dimensional convex hull,parallel,1991.0,"Ghouse, Goodrich (following [Kirkpatrick, Seidel (1986)])",$O(n \log h)$,n,points,input points,True,kept; substituted worst-case hull size for 'h'
Convex Hull,2-dimensional Convex Hull,2-dimensional convex hull,parallel,1991.0,"Ghouse, Goodrich [Theorem 5]",$O(n \log h)$,n,points,input points,True,kept; substituted worst-case hull size for 'h'
Convex Hull,3-dimensional Convex Hull,3-dimensional convex hull,parallel,1991.0,"Ghouse, Goodrich (following [Edelsbrunner, Shi (1991)])",$O(n \log^2 h)$,n,points,input points,True,kept; substituted worst-case hull size for 'h'
Convex Hull,3-dimensional Convex Hull,3-dimensional convex hull,parallel,1991.0,"Ghouse, Goodrich [Theorem 6]","$O(n*min(\log n, \log^2 h))$",n,points,input points,True,kept; substituted worst-case hull size for 'h'
Convex Hull,3-dimensional Convex Hull,3-dimensional convex hull,parallel,1992.0,"Amato, Preparata",$O(n \log^2 n)$,n,points,input points,True,kept
Convex Hull,3-dimensional Convex Hull,3-dimensional convex hull,parallel,1992.0,"Reif, Sen",$O(n \log n)$,n,points,input points,True,kept
Convex Hull,3-dimensional Convex Hull,3-dimensional convex hull,parallel,1993.0,Goodrich,$O(n \log n)$,n,points,input points,True,kept
Convex Hull,3-dimensional Convex Hull,3-dimensional convex hull,parallel,1994.0,"Amato, Goodrich, Ramos [output-sensitive] (1)",$O(n \log h)$,n,points,input points,True,kept; substituted worst-case hull size for 'h'
Convex Hull,3-dimensional Convex Hull,3-dimensional convex hull,parallel,1994.0,"Amato, Goodrich, Ramos [randomized] (2)",$O(n+n \log n)$,n,points,input points,True,kept
Convex Hull,2-dimensional Convex Hull,2-dimensional convex hull,parallel,1994.0,"Amato, Goodrich, Ramos [randomized] (3)",$O(n+n \log n)$,n,points,input points,True,kept
Convex Hull,2-dimensional Convex Hull,2-dimensional convex hull,parallel,1997.0,"Gupta, Sen",$O(n \log h)$,n,points,input points,True,kept; substituted worst-case hull size for 'h'
Convex Hull,3-dimensional Convex Hull,3-dimensional convex hull,parallel,2003.0,"Gupta, Sen",$O(n \log h)$,n,points,input points,True,kept; substituted worst-case hull size for 'h'
Convex Hull,2-dimensional Convex Hull,2-dimensional convex hull,parallel,2010.0,"Blelloch, Maggs [Parallel MergeHull]",$O(n \log n)$,n,points,input points,True,kept
Convex Hull,2-dimensional Convex Hull,2-dimensional convex hull,parallel,2020.0,"Blelloch, Gu, Shun, Sun (1)",$O(n \log n)$,n,points,input points,True,kept
Convex Hull,3-dimensional Convex Hull,3-dimensional convex hull,parallel,2020.0,"Blelloch, Gu, Shun, Sun (2)",$O(n \log n)$,n,points,input points,True,kept
Convex Hull,2-dimensional Convex Hull,2-dimensional convex hull,quantum,2004.0,Quantum computational geometry,O(N^(1/2) h),,,input points,False,"also depends on 'N' (number total points set), which has no worst-case bound in terms of input points"
Convex Hull,2-dimensional Convex Hull,2-dimensional convex hull,quantum,2009.0,Quantum algorithmic methods for computational geometry,,,,input points,False,formula not usable: no formula recorded
Convex Hull,2-dimensional Convex Hull,2-dimensional convex hull,quantum,2021.0,A quantum search algorithm of two-dimensional convex hull,,,,input points,False,formula not usable: no formula recorded
Convex Hull,2-dimensional,2-dimensional,serial,1935.0,Brute Force,$O(n^3)$,,,input points,False,year missing or outside 1950-2026
Convex Hull,2-dimensional,2-dimensional,serial,1972.0,Graham,$O(n \log n)$,n,points,input points,True,kept
Convex Hull,2-dimensional,2-dimensional,serial,1973.0,Jarvis,$O(nh)$,n,points,input points,True,kept; substituted worst-case hull size for 'h'
Convex Hull,2-dimensional,2-dimensional,serial,1977.0,W. Eddy Quickhull,$O(nh)$,n,points,input points,True,kept; substituted worst-case hull size for 'h'
Convex Hull,2-dimensional; 3-dimensional,2-dimensional; 3-dimensional,serial,1977.0,Preparata and Hong,$O(n \log n)$,n,points,input points,True,kept
Convex Hull,,(general),serial,1977.0,convex hull algorithm; Preparata and Hong,$O(n \log n)$,n,points,input points,True,kept
Convex Hull,2-dimensional,2-dimensional,serial,1979.0,Andrew's algorithm,$O(n \log n)$,n,points,input points,True,kept
Convex Hull,2-dimensional,2-dimensional,serial,1986.0,The ultimate planar convex hull algorithm,$O(n \log h)$,n,points,input points,True,kept; substituted worst-case hull size for 'h'
Convex Hull,2-dimensional; 3-dimensional,2-dimensional; 3-dimensional,serial,1996.0,Chan's algorithm,$O(n \log h)$,n,points,input points,True,kept; substituted worst-case hull size for 'h'
Convex Optimization (non-linear),Convex Optimization (Non-linear),(general),parallel,2014.0,"Cevher, Becker, Schmidt (Consensus ADMM - first order mehtod)",$O(n^2)$,,,an undefined parameter,False,family has no usable input-size parameter
Convex Optimization (non-linear),Unconstrained Convex Optimization (Non-linear),unconstrained convex optimization (non-linear),parallel,2019.0,"Bubeck, Jiang, Lee, Li, Sidford",$O(d^{4/3}(LR/\\epsilon)^{8/3})*polylog(d)*polylog(\\epsilon)*polylog(L)*polylog(R)*polylog(v^{-1})$,,,an undefined parameter,False,formula not usable: polylog(...) has no determinate exponent
Convex Optimization (non-linear),Unconstrained Convex Optimization (Non-linear),unconstrained convex optimization (non-linear),parallel,2023.0,"Carmon, Jambulapati, Jin, Lee, Liu, Sidford, Tian (Parallel EpochSGD)",$O((d^(1/3)*K^(2/3)*\log^3(dK)+K^2*\log^4(dK))*(d+q))$,,,an undefined parameter,False,family has no usable input-size parameter
Convex Optimization (non-linear),Unconstrained Convex Optimization (Non-linear),unconstrained convex optimization (non-linear),parallel,2023.0,"Carmon, Jambulapati, Jin, Lee, Liu, Sidford, Tian (Parallel AC-SA)",$O((d^(1/3)*K^(2/3)*\log^3(dK)+d^(1/4)*K*\log^4(dK)+K^2*\log^4(dK))*(d+q))$,,,an undefined parameter,False,family has no usable input-size parameter
Convex Optimization (non-linear),"General, Constrained optimization","general, constrained optimization",serial,1964.0,Wolfe; Lemaréchal; Kiwiel,$O(n^4)$,,,an undefined parameter,False,"approximation algorithm, not comparable to an exact runtime"
Convex Optimization (non-linear),"General, Constrained optimization","general, constrained optimization",serial,1971.0,Ellipsoid method,$O(n^2 \log n)$,,,an undefined parameter,False,"approximation algorithm, not comparable to an exact runtime"
Convex Optimization (non-linear),"General, Constrained optimization","general, constrained optimization",serial,1981.0,Subgradient method,$O(n^2)$,,,an undefined parameter,False,"approximation algorithm, not comparable to an exact runtime"
Convex Optimization (non-linear),Stochastic optimization,stochastic optimization,serial,1993.0,Dual subgradients and the drift-plus-penalty method,$O(n^2)$,,,an undefined parameter,False,"approximation algorithm, not comparable to an exact runtime"
Coset Enumeration,Coset Enumeration,(general),serial,1936.0,Todd–Coxeter algorithm,$O(2^n)$,,,number generators,False,year missing or outside 1950-2026
Coset Enumeration,Coset Enumeration,(general),serial,1940.0,Haselgrove-Leech-Trotter (HLT) algorithm,$O(2^n)$,,,number generators,False,year missing or outside 1950-2026
Coset Enumeration,Coset Enumeration,(general),serial,1970.0,Knuth–Bendix algorithm,$O(1.5^n n^2 \log n)$,n,raw:number generators,number generators,True,kept
Cryptanalysis of Linear Feedback Shift Registers,Cryptanalysis of Linear Feedback Shift Registers,(general),serial,1969.0,Berlekamp–Massey algorithm,$O(n^2)$,n,elements,elements in the input,True,kept
Culling,Culling,(general),serial,1986.0,Occlusion Culling,$O(n^2)$,,,an undefined parameter,False,"approximation algorithm, not comparable to an exact runtime"
Culling,Culling,(general),serial,1987.0,Contribution Culling,$O(n^2)$,,,an undefined parameter,False,"approximation algorithm, not comparable to an exact runtime"
Culling,Culling,(general),serial,1991.0,Sector-Based Culling,$O(n^2)$,,,an undefined parameter,False,"approximation algorithm, not comparable to an exact runtime"
Culling,Culling,(general),serial,2008.0,view frustum culling,$O(n^2)$,,,an undefined parameter,False,"approximation algorithm, not comparable to an exact runtime"
Cycle Detection,,(general),serial,1967.0,Floyd's tortoise and hare algorithm,$O((\lambda + \mu) t_f)$,,,an undefined parameter,False,family has no usable input-size parameter
Cycle Detection,,(general),serial,1973.0,Brent's algorithm,$O((\lambda + \mu) t_f)$,,,an undefined parameter,False,family has no usable input-size parameter
Cycle Detection,,(general),serial,1978.0,Gosper's algorithm,$O((\lambda + \mu) \log(\lambda + \mu) t_f)$,,,an undefined parameter,False,family has no usable input-size parameter
Cycle Detection,Cycle Detection,(general),serial,1982.0,Sedgewick; Szymanski; and Yao,$(\mu + \lambda)(1+\Theta(1/\sqrt{M}))$,,,an undefined parameter,False,does not solve the problem exactly
Cycle Detection,Cycle Detection,(general),serial,2004.0,Nivasch,$O(\mu + \lambda)$,,,an undefined parameter,False,does not solve the problem exactly
Cyclic Peptide Sequencing Problem,Cyclic Peptide Sequencing Problem,(general),serial,1987.0,Brute force,$O(k^{O(n)} \text{poly}(n))$,,,an undefined parameter,False,formula not usable: poly(...) has no determinate exponent
Cyclic Peptide Sequencing Problem,Cyclic Peptide Sequencing Problem,(general),serial,1993.0,Branch and bound,$O(k^{O(n)} \text{poly}(n))$,,,an undefined parameter,False,formula not usable: poly(...) has no determinate exponent
D-neighborhood of a String,d-Neighborhood of a String,(general),serial,1940.0,Iterative naive,"$O(f_{bin}(\sigma-1, n, d))$ where $f_{bin}(x, y, z) = \sum_{i=0}^z \binom{y}{i}x^i$",,,an undefined parameter,False,year missing or outside 1950-2026
DFA Minimization,DFA Minimization,(general),parallel,1988.0,"JaJa, Kosaraju",$O(n^6)$,n,states,states,True,kept
DFA Minimization,DFA Minimization,(general),parallel,1992.0,"Cho, Huynh",$O(n^6)$,n,states,states,True,kept
DFA Minimization,DFA Minimization,(general),parallel,1996.0,"Ravikumar, Xiong",$O(kn \log^2 n)$,,,states,False,"also depends on 'k' (alphabet size), which has no worst-case bound in terms of states"
DFA Minimization,DFA Minimization,(general),parallel,2002.0,"Tewari, Srivastava, Gupta",$O(kn^2)$,,,states,False,"also depends on 'k' (alphabet size), which has no worst-case bound in terms of states"
DFA Minimization,DFA Minimization,(general),parallel,2007.0,"Sun, Lu, Li, Wang",$O(kn^2)$,,,states,False,"also depends on 'k' (alphabet size), which has no worst-case bound in terms of states"
DFA Minimization,Cyclic Nontrivial SCCs DFA Minimization,cyclic nontrivial sccs dfa minimization,quantum,2021.0,Quantum Algorithm for Lexicographically Minimal String Rotation,O(n^{3/4}),,,states,False,"measured in input string length, but this family is compared in states"
DFA Minimization,Cyclic Nontrivial SCCs DFA Minimization,cyclic nontrivial sccs dfa minimization,quantum,2022.0,Near-Optimal Quantum Algorithms for String Problems,\tilde{O}(n^{1/2}),,,states,False,"measured in input string length, but this family is compared in states"
DFA Minimization,DFA Minimization,(general),serial,1956.0,Moore's algorithm,$O(n^2 k)$,,,states,False,"also depends on 'k' (alphabet size), which has no worst-case bound in terms of states"
DFA Minimization,DFA Minimization,(general),serial,1963.0,Brzozowski's algorithm,$O(2^n)$,n,states,states,True,kept
DFA Minimization,DFA Minimization,(general),serial,1971.0,Hopcroft's algorithm,$O(kn \log n)$,,,states,False,"also depends on 'k' (alphabet size), which has no worst-case bound in terms of states"
DFA Minimization,Acyclic DFA Minimization,acyclic dfa minimization,serial,1992.0,Revuz's algorithm,$O(n)$,n,states,states,True,kept
DFA Minimization,Cyclic Nontrivial SCCs DFA Minimization,cyclic nontrivial sccs dfa minimization,serial,2008.0,Almeida & Zeitoun,$O(n)$,n,states,states,True,kept
Data Compression,Lossless Compression,lossless compression,parallel,1991.0,"Crochemore, Rytter",$O(n)$,n,string_length,input string length,True,kept
Data Compression,Lossless Compression,lossless compression,parallel,1991.0,Naor,$O(n \\log{n})$ expected,n,string_length,input string length,True,kept
Data Compression,Lossless Compression,lossless compression,parallel,1992.0,"Agostino, Storer (1)",$O((L+\log{n})n^2)$,,,input string length,False,"measured in length, max allowed length dictionary entries o n, but this family is compared in input string length"
Data Compression,Lossless Compression,lossless compression,parallel,1992.0,"Agostino, Storer (2)",$O((L+\log^2{n})n)$,,,input string length,False,"measured in length, max allowed length dictionary entries o n, but this family is compared in input string length"
Data Compression,Lossless Compression,lossless compression,parallel,1992.0,Penzhorn,$O(n)$,,,input string length,False,"measured in length, but this family is compared in input string length"
Data Compression,Lossless Compression,lossless compression,parallel,1994.0,"Stauffer, Hirschberg",$O(Ln)$,,,input string length,False,"measured in length, max allowed length dictionary entries o n, but this family is compared in input string length"
Data Compression,Lossless Compression,lossless compression,parallel,1995.0,"Belinskaya, DeAgostino, Storer",$O(n)$,,,input string length,False,"measured in length, but this family is compared in input string length"
Data Compression,Lossless Compression,lossless compression,parallel,1995.0,"Farach, Muthukrishnan (1)",$O(n)$,n,string_length,input string length,True,kept
Data Compression,Lossless Compression,lossless compression,parallel,1995.0,"Farach, Muthukrishnan (2)",$O(n)$,n,string_length,input string length,True,kept
Data Compression,Lossless Compression,lossless compression,parallel,1995.0,"Nagumo, Lu, Watson (1)",$O((L+\log{n})n)$,,,input string length,False,"measured in length, max allowed length dictionary entries o n, but this family is compared in input string length"
Data Compression,Lossless Compression,lossless compression,parallel,1995.0,"longest-fragment-first (LFF) dictionary compression - Nagumo, Lu, Watson (2)",$O((L+\log{n})nL)$,,,input string length,False,"measured in length, max allowed length dictionary entries o n, but this family is compared in input string length"
Data Compression,Lossless Compression,lossless compression,parallel,1996.0,"Franaszek, Robinson, Thomas",$O(n)$,,,input string length,False,"measured in length, but this family is compared in input string length"
Data Compression,Lossless Compression,lossless compression,parallel,1997.0,"optimal - Hirschberg, Stauffer (1)",$O(nm^3+nm^2\log{m}\log{n})$,,,input string length,False,"also depends on 'm' (max length entry dictionary), which has no worst-case bound in terms of input string length"
Data Compression,Lossless Compression,lossless compression,parallel,1997.0,"LEF - Hirschberg, Stauffer (2)",$O(n \log{n})$,n,string_length,input string length,True,kept
Data Compression,Lossless Compression,lossless compression,parallel,1998.0,"Simpson, Sabharwal",$O(n+nL^2)$,,,input string length,False,"measured in length, number library records, but this family is compared in input string length"
Data Compression,,(general),parallel,2012.0,"Mishra, Mishra, Pani",$O(n)$,,,input string length,False,"measured in length, but this family is compared in input string length"
Data Compression,Lossless Compression,lossless compression,parallel,2014.0,"Edwards, Vishkin",$O(n)$,n,string_length,input string length,True,kept
Data Compression,Lossless Compression,lossless compression,parallel,2015.0,"Krishnan, Baron",$O(n)$,,,input string length,False,"measured in length, but this family is compared in input string length"
Data Compression,Lossless Compression,lossless compression,parallel,2015.0,"Pérez, Saeed",$O(n)$ ?,,,input string length,False,"measured in length, but this family is compared in input string length"
Data Compression,Lossless Compression,lossless compression,parallel,2017.0,"CZ algorithm - Jiancheng, Yiqin, Yu",$O(n)$,,,input string length,False,"measured in sequence length, but this family is compared in input string length"
Data Compression,,(general),parallel,2021.0,"Dua, Kumar, Singh",$O(nmp^2)$,,,input string length,False,"measured in number bands, rls predictor length, single band image size, but this family is compared in input string length"
Data Compression,Lossy Compression,lossy compression,quantum,2018.0,Quantum Discrete Cosine Transform Compression,O(N),,,input string length,False,"approximation algorithm, not comparable to an exact runtime"
Data Compression,Lossless Compression,lossless compression,quantum,2021.0,Quantum Lossless IWT Compression,\tilde{O}(\text{polylog}(N)),,,input string length,False,formula not usable: polylog(...) has no determinate exponent
Data Compression,Lossy Compression,lossy compression,serial,1940.0,Brute force,$O(n 2^n)$,,,input string length,False,year missing or outside 1950-2026
Data Compression,Lossy Compression,lossy compression,serial,1974.0,Discrete Cosine Transform,$O(n \log n)$,,,input string length,False,"measured in elements in the input, but this family is compared in input string length"
Data Compression,Lossy Compression,lossy compression,serial,2003.0,Matsunaga; Yamamoto,$O(n 2^n)$,,,input string length,False,"measured in elements in the input, but this family is compared in input string length"
Data Compression,Lossy Compression,lossy compression,serial,2005.0,Maneva and M. J. Wainwright,$O(n^2)$,,,input string length,False,"measured in elements in the input, but this family is compared in input string length"
Data Compression,Lossy Compression,lossy compression,serial,2005.0,Ciliberti; Mézard,$O(n^2)$,,,input string length,False,"measured in elements in the input, but this family is compared in input string length"
Data Compression,Lossy Compression,lossy compression,serial,2006.0,Miyake 2006,$O(n 2^n)$,,,input string length,False,"measured in elements in the input, but this family is compared in input string length"
Data Compression,Lossy Compression,lossy compression,serial,2006.0,Martinian and M. J. Wainwright,$O(n 2^n)$,,,input string length,False,"measured in elements in the input, but this family is compared in input string length"
Data Compression,Lossy Compression,lossy compression,serial,2008.0,Jalali and T. Weissman,$O(n)$,,,input string length,False,"measured in elements in the input, but this family is compared in input string length"
Data Compression,Lossy Compression,lossy compression,serial,2009.0,Gupta; Verdu,$O(n^3 \log n)$?,n,string_length,input string length,True,kept
Data Compression,Lossy Compression,lossy compression,serial,2010.0,Sun; M. Shao; J. Chen; K. Wong; and X. Wu,$O(kmn)$?,,,input string length,False,"measured in elements in the input, level parameter, rate parameter, but this family is compared in input string length"
Data Compression,Lossy Compression,lossy compression,serial,2010.0,Jalali; A. Montanari; and T. Weissman,$O(n)$,,,input string length,False,"measured in elements in the input, but this family is compared in input string length"
Data Compression,Lossy Compression,lossy compression,serial,2010.0,Korada and R. Urbanke;,$O(n 2^n)$,,,input string length,False,"measured in elements in the input, but this family is compared in input string length"
De Novo Genome Assembly,,(general),parallel,2021.0,"Guidi, Selvitopi, Ellis, Oliker, Yelick, Buluc (ELBA)",$nlk+a^2m+cnl$,,,sum lengths reads,False,"formula depends on too many parameters (a, c, k, l, m, n)"
De Novo Genome Assembly,De Novo Genome Assembly,(general),serial,1984.0,Greedy SEQAID,$O(n^2)$,,,sum lengths reads,False,"approximation algorithm, not comparable to an exact runtime"
De Novo Genome Assembly,De Novo Genome Assembly,(general),serial,1987.0,Overlap Layout Consensus,$O(n^2)$,,,sum lengths reads,False,"approximation algorithm, not comparable to an exact runtime"
De Novo Genome Assembly,De Novo Genome Assembly,(general),serial,1994.0,"de Bruijn Graph (Idury, Waterman)",$O(n^2)$,n,raw:sum lengths reads,sum lengths reads,True,kept
De Novo Genome Assembly,De Novo Genome Assembly,(general),serial,1994.0,String Graph (Myers),$O(n \log n)$,n,raw:sum lengths reads,sum lengths reads,True,kept
De Novo Genome Assembly,De Novo Genome Assembly,(general),serial,2010.0,"String Graph with Ferragina–Manzini Index (Simpson, Durbin)",$O(n)$,n,raw:sum lengths reads,sum lengths reads,True,kept
De Novo Genome Assembly,De Novo Genome Assembly,(general),serial,2012.0,Hybrid Algorithm,$O(n^2)$,n,raw:sum lengths reads,sum lengths reads,True,kept
Deadlock Avoidance,Dining Philosophers Problem,dining philosophers problem,serial,1965.0,Resource hierarchy solution,$O(2^n)$,n,raw:number philosophers,number philosophers,True,kept
Deadlock Avoidance,Dining Philosophers Problem,dining philosophers problem,serial,1965.0,Arbitrator solution,$O(2^n)$,n,raw:number philosophers,number philosophers,True,kept
Deadlock Avoidance,Deadlock Avoidance,(general),serial,1966.0,Banker's Algorithm,$O(mn^2)$,,,number philosophers,False,"measured in number resource types, processes, but this family is compared in number philosophers"
Delaunay Triangulation,,(general),parallel,1986.0,"Saxena, Bhatt, Prasad (1)",$O(n \log n)$,n,points,input points,True,kept
Delaunay Triangulation,,(general),parallel,1986.0,"Saxena, Bhatt, Prasad (2)",$O(n^2 \log n \log \log n)$,n,points,input points,True,kept
Delaunay Triangulation,,(general),parallel,1986.0,"Saxena, Bhatt, Prasad (3)",$O(n^3 \log \log n)$,n,points,input points,True,kept
Delaunay Triangulation,,(general),parallel,1986.0,"Saxena, Bhatt, Prasad (4)",$O(n^4)$,n,points,input points,True,kept
Delaunay Triangulation,2-Dimensional Delaunay Triangulation,2-dimensional delaunay triangulation,parallel,1988.0,"Aggarwal, Chazelle, Guibas, Ó'Dúnlaing, Yap",$O(n \log^2 n)$ ?,n,points,input points,True,kept
Delaunay Triangulation,2-Dimensional Delaunay Triangulation,2-dimensional delaunay triangulation,parallel,1989.0,"Reif, Sen",$O(n \log n)$,n,points,input points,True,kept
Delaunay Triangulation,2-Dimensional Delaunay Triangulation,2-dimensional delaunay triangulation,parallel,1990.0,"Cole, Goodrich, Ó'Dúnlaing",$O(n \log n)$,n,points,input points,True,kept
Delaunay Triangulation,3-Dimensional Delaunay Triangulation,3-dimensional delaunay triangulation,parallel,1993.0,"Cignoni, Montani, Perego, Scopigno",$O(n^2)$,n,points,input points,True,kept
Delaunay Triangulation,3-Dimensional Delaunay Triangulation,3-dimensional delaunay triangulation,parallel,1993.0,"Teng, Sullivan, Beichl, Puppo",$O(n^2)$,n,points,input points,True,kept
Delaunay Triangulation,2-Dimensional Delaunay Triangulation,2-dimensional delaunay triangulation,parallel,1997.0,"Lee, Park, Park",$O(n^2)$,n,points,input points,True,kept
Delaunay Triangulation,2-Dimensional Delaunay Triangulation,2-dimensional delaunay triangulation,parallel,1997.0,Hardwick,$O(n \log n)$,n,points,input points,True,kept
Delaunay Triangulation,2-Dimensional Delaunay Triangulation,2-dimensional delaunay triangulation,parallel,1999.0,Belloch et al.,$O(n\log n)$,n,points,input points,True,kept
Delaunay Triangulation,2-Dimensional Delaunay Triangulation,2-dimensional delaunay triangulation,parallel,1999.0,"Blelloch, Miller, Hardwick, Talmor",$O(n \log n)$,n,points,input points,True,kept
Delaunay Triangulation,2-Dimensional Delaunay Triangulation,2-dimensional delaunay triangulation,parallel,2002.0,"Chen, Chuang, Wu",$O(n \log n)$,n,points,input points,True,kept
Delaunay Triangulation,2-Dimensional Delaunay Triangulation,2-dimensional delaunay triangulation,parallel,2003.0,"Kohout, Kolingerova",$O(n \log n)$,n,points,input points,True,kept
Delaunay Triangulation,2-Dimensional Delaunay Triangulation,2-dimensional delaunay triangulation,parallel,2006.0,"Belloch, Gu, Shun, Sun",$O(n\log n)$,n,points,input points,True,kept
Delaunay Triangulation,2-Dimentional Delaunay Triangulation,2-dimentional delaunay triangulation,parallel,2011.0,"Wu, Guan, Gong",$O(n \log n)$,n,points,input points,True,kept
Delaunay Triangulation,2-Dimensional Delaunay Triangulation,2-dimensional delaunay triangulation,parallel,2014.0,Wu et al.,$O(n \log n)$,n,points,input points,True,kept
Delaunay Triangulation,2-Dimensional Delaunay Triangulation,2-dimensional delaunay triangulation,serial,1934.0,Naive algorithm,$O(n^4)$?,,,input points,False,year missing or outside 1950-2026
Delaunay Triangulation,2-Dimensional Delaunay Triangulation,2-dimensional delaunay triangulation,serial,1981.0,Bowyer–Watson algorithm,$O(n \log n)$,n,points,input points,True,kept
Delaunay Triangulation,2-Dimensional Delaunay Triangulation,2-dimensional delaunay triangulation,serial,1985.0,Guibas; Stofli,$O(n \log n)$,n,points,input points,True,kept
Delaunay Triangulation,,(general),serial,1987.0,Fortune,$O(n \log n)$,,,input points,False,"measured in vertices in the graph, but this family is compared in input points"
Delaunay Triangulation,2-Dimensional Delaunay Triangulation,2-dimensional delaunay triangulation,serial,1987.0,Dwyer,$O(n \log n)$,n,points,input points,True,kept
Delaunay Triangulation,2-Dimensional Delaunay Triangulation,2-dimensional delaunay triangulation,serial,1992.0,Fortune,$O(n^2)$,,,input points,False,"approximation algorithm, not comparable to an exact runtime"
Delaunay Triangulation,2-Dimensional Delaunay Triangulation,2-dimensional delaunay triangulation,serial,1996.0,Drysdale; Su,$O(n)$,n,points,input points,True,kept
Delaunay Triangulation,2-Dimensional Delaunay Triangulation,2-dimensional delaunay triangulation,serial,1999.0,Flipping algorithm,$O(n^2)$,n,points,input points,True,kept
Delaunay Triangulation,2-Dimensional Delaunay Triangulation,2-dimensional delaunay triangulation,serial,2008.0,de Berg; Cheong,$O(n \log n)$,n,points,input points,True,kept
Delaunay Triangulation,2-Dimensional Delaunay Triangulation,2-dimensional delaunay triangulation,serial,2010.0,S-hull (Sinclair),$O(n \log n)$,n,points,input points,True,kept
Dependency Inference Problem,Functional Dependency Inference Problem,functional dependency inference problem,serial,1967.0,Brute force algorithm,$O(n^2 2^n p \log p)$,,,number attributes,False,"also depends on 'p' (number tuples rows data points), which has no worst-case bound in terms of number attributes"
Dependency Inference Problem,Multivalued Dependency Inference Problem,multivalued dependency inference problem,serial,1977.0,Catriel Beeri Ronald Fagin John H. Howard,$O(4^n)$,n,raw:number attributes,number attributes,True,kept
Dependency Inference Problem,Multivalued Dependency Inference Problem,multivalued dependency inference problem,serial,1992.0,Räihä; Manilla,$O(n^2 2^n p \log p)$,,,number attributes,False,"also depends on 'p' (number tuples rows data points), which has no worst-case bound in terms of number attributes"
Dependency Inference Problem,Functional Dependency Inference Problem,functional dependency inference problem,serial,1993.0,Schlimmer,$O(n 2^n p)$,,,number attributes,False,"also depends on 'p' (number tuples rows data points), which has no worst-case bound in terms of number attributes"
Determinant of Matrices with Integer Entries,Determinant of Matrices with Integer Entries,(general),serial,1968.0,Bareiss algorithm,$O(n^5 L^2 (\log(n)^2 + L^2))$,,,an undefined parameter,False,family has no usable input-size parameter
Determinant of Matrices with Integer Entries,Determinant of Matrices with Integer Entries,(general),serial,1968.0,Bareiss algorithm with fast multiplication,$O(n^4 L (\log(n) + L) \log(\log(n) + L))$,,,an undefined parameter,False,family has no usable input-size parameter
Determinants,Determinant of Matrices with Integer Entries,determinant of matrices with integer entries,parallel,1976.0,Csanky,$O(n^4 (\log n)^2)$ ?,n,matrix_dim,matrix dimension,True,kept
Determinants,Determinant of Matrices with Integer Entries,determinant of matrices with integer entries,parallel,1977.0,"Preparata, Sarwate",$O(n^(log_2(7) + 0.5) (\log n)^2)$ ?,n,matrix_dim,matrix dimension,True,kept
Determinants,Determinant of Matrices with Integer Entries,determinant of matrices with integer entries,parallel,1982.0,"Borodin, von zur Gathem, Hopcroft",$O(n^15)$,n,matrix_dim,matrix dimension,True,kept
Determinants,Determinant of Matrices with Integer Entries,determinant of matrices with integer entries,parallel,1984.0,Berkowitz,$O(n^(3.496))$,n,matrix_dim,matrix dimension,True,kept
Determinants,Determinant of Matrices with Integer Entries,determinant of matrices with integer entries,parallel,1985.0,Bini,"$O(max(p(n+k), n(k^2+1)) * (\log n + \log p + (\log k)^2))$ ?",,,matrix dimension,False,"also depends on 'k' (tensor rank minus n), 'p' (number linearly independent matrices generating linear space), which has no worst-case bound in terms of matrix dimension"
Determinants,Determinant of Matrices with Integer Entries,determinant of matrices with integer entries,parallel,1987.0,Pan,$O(n^(omega+0.5) (\log n)^2)$ ?,,,matrix dimension,False,"also depends on 'omega' (an undefined parameter), which has no worst-case bound in terms of matrix dimension"
Determinants,Determinant of Matrices with Integer Entries,determinant of matrices with integer entries,parallel,1989.0,"Galil, Pan",$o(n^(2.851) (\log n)^2)$ ?,n,matrix_dim,matrix dimension,True,kept
Determinants,Determinant of Matrices with Integer Entries,determinant of matrices with integer entries,parallel,1997.0,"Mahajan, Vinay",$O(n^6)$,n,matrix_dim,matrix dimension,True,kept
Determinants,Determinant of Matrices with Integer Entries,determinant of matrices with integer entries,parallel,2012.0,"Pereira, de Morais, Matsumoto",$O(n^3)$ ?,n,matrix_dim,matrix dimension,True,kept
Determinants,Determinant of Matrices with Integer Entries,determinant of matrices with integer entries,parallel,2013.0,"Beliakov, Matiyasevich",$O(n^3 m^{\log_{2}{3}})$,,,matrix dimension,False,"also depends on 'm' (number mantissa bits representing precision), which has no worst-case bound in terms of matrix dimension"
Discrete Fourier Transform,Discrete Fourier Transform,(general),parallel,1968.0,Pease,$O(n \log n)$ ?,n,elements,elements in the input,True,kept
Discrete Fourier Transform,Discrete Fourier Transform,(general),parallel,1987.0,"Norton, Silberger",$O(n \log n)$ ?,n,elements,elements in the input,True,kept
Discrete Fourier Transform,Discrete Fourier Transform,(general),parallel,1987.0,Swarztrauber,$O(n \log n)$,n,elements,elements in the input,True,kept
Discrete Fourier Transform,Discrete Fourier Transform,(general),parallel,1998.0,"Edelman, McCorquodale, Toledo [Algorithm 1]",$O(n \log n)$,n,elements,elements in the input,True,kept
Discrete Fourier Transform,Discrete Fourier Transform,(general),parallel,1998.0,"Edelman, McCorquodale, Toledo [Algorithm 2]",$O(n \log n)$,n,elements,elements in the input,True,kept
Discrete Fourier Transform,Discrete Fourier Transform,(general),parallel,1999.0,"Chu, George",$O(n \log n)$,n,elements,elements in the input,True,kept
Discrete Fourier Transform,Discrete Fourier Transform,(general),parallel,2005.0,"Cui-xiang, Guo-qiang, Ming-he",$O(n \log n)$,n,elements,elements in the input,True,kept
Discrete Fourier Transform,Discrete Fourier Transform,(general),quantum,1994.0,Quantum Fourier Transform,O((\log N)^2),N,elements,elements in the input,True,kept
Discrete Fourier Transform,,(general),quantum,1995.0,QFT or AQFT,,,,elements in the input,False,formula not usable: no formula recorded
Discrete Fourier Transform,,(general),quantum,2000.0,QFT or AQFT,O(log(n)),n,elements,elements in the input,True,kept
Discrete Fourier Transform,,(general),quantum,2000.0,QFT or AQFT,O(n log (n)),n,elements,elements in the input,True,kept
Discrete Fourier Transform,,(general),quantum,2007.0,QFT or AQFT,Depth: O(n),n,elements,elements in the input,True,kept
Discrete Fourier Transform,,(general),quantum,2007.0,QFT or AQFT,Depth: O(n),n,elements,elements in the input,True,kept
Discrete Fourier Transform,,(general),quantum,2019.0,QFT or AQFT,T Count: O(n log (n)),,,elements in the input,False,"cell reports a gate count, not circuit depth; not comparable to a running time"
Discrete Fourier Transform,,(general),quantum,2024.0,QFT or AQFT,"(Circuit 1 -- T Count: O(nlog(n)), T Depth: O(n log(n))) (Circuit 2 -- T Depth: O(n log log n), T Count: O(nlog(n))",,,elements in the input,False,formula not usable: nested asymptotic notation has no determinate value
Discrete Fourier Transform,,(general),quantum,2025.0,QFT or AQFT,,,,elements in the input,False,formula not usable: no formula recorded
Discrete Fourier Transform,Discrete Fourier Transform,(general),serial,1965.0,Naive algorithm,$O(n^2)$,n,elements,elements in the input,True,kept
Discrete Fourier Transform,Discrete Fourier Transform,(general),serial,1965.0,Cooley–Tukey algorithm,$O(n \log n)$,n,elements,elements in the input,True,kept
Discrete Fourier Transform,Discrete Fourier Transform,(general),serial,1966.0,Gentleman; Morven and Gordon Sande radix-4 algorithm,$O(n \log n)$,n,elements,elements in the input,True,kept
Discrete Fourier Transform,Discrete Fourier Transform,(general),serial,1968.0,Yavne Split Radix FFT algorithm,$O(n \log n)$,n,elements,elements in the input,True,kept
Discrete Fourier Transform,Discrete Fourier Transform,(general),serial,1969.0,Bergland; Glenn radix-8 algorithm,$O(n \log n)$,n,elements,elements in the input,True,kept
Discrete Fourier Transform,Discrete Fourier Transform,(general),serial,1976.0,Rader–Brenner algorithm,$O(n \log n)$,n,elements,elements in the input,True,kept
Discrete Fourier Transform,Discrete Fourier Transform,(general),serial,1978.0,Bruun's FFT algorithm,$O(n \log n)$,n,elements,elements in the input,True,kept
Discrete Fourier Transform,Discrete Fourier Transform,(general),serial,1988.0,Wang-Zhu-Cantor additive FFT,$O(n(\log n)^{1.585})$,n,elements,elements in the input,True,kept
Discrete Fourier Transform,Discrete Fourier Transform,(general),serial,1996.0,Von zur Gathen-Gerhard additive FFT,$O(n (\log n)^2)$,n,elements,elements in the input,True,kept
Discrete Fourier Transform,Discrete Fourier Transform,(general),serial,2001.0,Extended Split Radix FFT algorithm,$O(n \log n)$,n,elements,elements in the input,True,kept
Discrete Fourier Transform,Discrete Fourier Transform,(general),serial,2010.0,Gao’s additive FFT,$O(n \log n \log \log n)$,n,elements,elements in the input,True,kept
Disk Scheduling,Disk Scheduling,(general),serial,1979.0,FCFS,$O(n)$,n,raw:number requests,number requests,True,kept
Disk Scheduling,Disk Scheduling,(general),serial,1979.0,SSTF,$O(n \log n)$ with binary tree,n,raw:number requests,number requests,True,kept
Disk Scheduling,Disk Scheduling,(general),serial,1979.0,SCAN,$O(n \log n)$,n,raw:number requests,number requests,True,kept
Disk Scheduling,Disk Scheduling,(general),serial,1979.0,LOOK,$O(n \log n)$,n,raw:number requests,number requests,True,kept
Disk Scheduling,Disk Scheduling,(general),serial,1979.0,C-SCAN,$O(n \log n)$,n,raw:number requests,number requests,True,kept
Disk Scheduling,Disk Scheduling,(general),serial,1979.0,C-LOOK,$O(n \log n)$,n,raw:number requests,number requests,True,kept
Distributed Locking Algorithms,Distributed Locking Algorithms,(general),serial,1989.0,Leases (Cary G Gray and David R Cheriton),$O(n)$,n,raw:number clients,number clients,True,kept
Distributed Locking Algorithms,Consensus,consensus,serial,1996.0,Tushar Deepak Chandra and Sam Toueg,$O(n)$,n,raw:number clients,number clients,True,kept
Distributed Locking Algorithms,Distributed Locking Algorithms,(general),serial,2006.0,Chubby (Mike Burrows),$O(n)$,n,raw:number clients,number clients,True,kept
Duplicate Elimination,Duplicate Elimination,(general),serial,1964.0,Sorting based [Merge Sort] + sequential pass,$O(n \log n)$,n,elements,elements in the input,True,kept
Duplicate Elimination,Duplicate Elimination,(general),serial,1976.0,Priority Queue Algorithm,$O(n^2)$,n,elements,elements in the input,True,kept
Duplicate Elimination,Duplicate Elimination,(general),serial,1983.0,Sorting based [Merge Sort] + real-time elimination,$O(n \log n)$,n,elements,elements in the input,True,kept
Duplicate Elimination,Duplicate Elimination,(general),serial,1998.0,Sorted Neighborhood Algorithm (SNA),$O(n \log n)$,n,elements,elements in the input,True,kept
Duplicate Elimination,Duplicate Elimination,(general),serial,1999.0,BST Algorithm,$O(n \log n)$,n,elements,elements in the input,True,kept
Duplicate Elimination,Duplicate Elimination,(general),serial,2002.0,Duplicate Elimination Sorted Neighborhood Method (DE-SNM),$O(n \log n)$,n,elements,elements in the input,True,kept
Duplicate Elimination,Duplicate Elimination,(general),serial,2003.0,Adaptive Duplicate Detection Algorithm (ADD),$O(n^3)$,n,elements,elements in the input,True,kept
Eigenvalues (Iterative),Symmetric Eigenvalue,symmetric eigenvalue,parallel,1971.0,"Kuck, Sameh (Jacobi's method)",$O( n^3 )$,n,matrix_dim,matrix dimension,True,kept
Eigenvalues (Iterative),Symmetric Eigenvalue,symmetric eigenvalue,parallel,1971.0,"Kuck, Sameh (Householder's method)",$(1/6) n^3 + (1/4) n^{5/2} + (1/3) n^2$,n,matrix_dim,matrix dimension,True,kept
Eigenvalues (Iterative),Nonsymmetric Eigenvalue,nonsymmetric eigenvalue,parallel,1971.0,"Kuck, Sameh (QR algorithm)",$O( n^3 )$,n,matrix_dim,matrix dimension,True,kept
Eigenvalues (Iterative),Symmetric Eigenvalue,symmetric eigenvalue,parallel,1971.0,Sameh (Jacobi),$O( n^3 \log(n) )$,n,matrix_dim,matrix dimension,True,kept
Eigenvalues (Iterative),Symmetric Eigenvalue,symmetric eigenvalue,parallel,1986.0,Paardekooper,$n^3 \log n$,n,matrix_dim,matrix dimension,True,kept
Eigenvalues (Iterative),Symmetric Eigenvalue,symmetric eigenvalue,parallel,1987.0,"Dongarra, Sorensen",$O( n^3 )$,n,matrix_dim,matrix dimension,True,kept
Eigenvalues (Iterative),Eigenpair with the Largest Eigenvalue,eigenpair with the largest eigenvalue,quantum,2023.0,Quantum Power Method,O(logn * s^2 * k^2 / epsilon),,,matrix dimension,False,"formula depends on too many parameters (epsilon, k, n, s)"
Eigenvalues (Iterative),Symmetric Eigenvalue,symmetric eigenvalue,quantum,2023.0,Quantum Power Method,O(logn * s^2 * k^2 / epsilon),,,matrix dimension,False,"formula depends on too many parameters (epsilon, k, n, s)"
Eigenvalues (Iterative),Any Eigenvalue,any eigenvalue,quantum,2025.0,Variational Quantum Generalized Eigensolver (VQGE),O(logn),n,matrix_dim,matrix dimension,True,kept
Eigenvalues (Iterative),Any Eigenpair,any eigenpair,quantum,2025.0,Variational Quantum Generalized Eigensolver (VQGE),O(logn),n,matrix_dim,matrix dimension,True,kept
Eigenvalues (Iterative),All Eigenvalues,all eigenvalues,quantum,,,,,,matrix dimension,False,year missing or outside 1950-2026
Eigenvalues (Iterative),All Eigenpairs,all eigenpairs,quantum,,,,,,matrix dimension,False,year missing or outside 1950-2026
Eigenvalues (Iterative),Eigenpair closest to mu,eigenpair closest to mu,quantum,,,,,,matrix dimension,False,year missing or outside 1950-2026
Eigenvalues (Iterative),Nonsymmetric Eigenvalue,nonsymmetric eigenvalue,quantum,,,,,,matrix dimension,False,year missing or outside 1950-2026
Eigenvalues (Iterative),All eigenvalues; Any eigenvalue,all eigenvalues; any eigenvalue,serial,1846.0,Jacobi eigenvalue algorithm,$O(n^2)$,,,matrix dimension,False,year missing or outside 1950-2026
Eigenvalues (Iterative),Eigenpair closest to mu; Any eigenpair; Any eigenvalue,any eigenpair; any eigenvalue; eigenpair closest to mu,serial,1921.0,Inverse iteration,$O(n^2)$,,,matrix dimension,False,year missing or outside 1950-2026
Eigenvalues (Iterative),Eigenpair with the Largest Eigenvalue,eigenpair with the largest eigenvalue,serial,1929.0,Power Iteration,$O(n^2)$,,,matrix dimension,False,year missing or outside 1950-2026
Eigenvalues (Iterative),Eigenpair closest to mu; Any eigenpair; Any eigenvalue,any eigenpair; any eigenvalue; eigenpair closest to mu,serial,1934.0,Folded spectrum method,$O(n^2)$,,,matrix dimension,False,year missing or outside 1950-2026
Eigenvalues (Iterative),Any eigenpair; Any eigenvalue,any eigenpair; any eigenvalue,serial,1940.0,Rayleigh quotient iteration,$O(n^2)$,,,matrix dimension,False,year missing or outside 1950-2026
Eigenvalues (Iterative),Any eigenvalue,any eigenvalue,serial,1940.0,Laguerre iteration,$O(n^2)$,,,matrix dimension,False,year missing or outside 1950-2026
Eigenvalues (Iterative),Eigenpair closest to mu; Any eigenpair; Any eigenvalue,any eigenpair; any eigenvalue; eigenpair closest to mu,serial,1948.0,LOBPCG algorithm,$O(n^2)$,,,matrix dimension,False,year missing or outside 1950-2026
Eigenvalues (Iterative),All eigenvalues; Any eigenvalue,all eigenvalues; any eigenvalue,serial,1962.0,QR algorithm,$O(n^2)$,n,matrix_dim,matrix dimension,True,kept
Eigenvalues (Iterative),Any eigenvalue,any eigenvalue,serial,1985.0,Bisection method,$O(n^2)$,n,matrix_dim,matrix dimension,True,kept
Eigenvalues (Iterative),All eigenvalues; Any eigenvalue,all eigenvalues; any eigenvalue,serial,1986.0,Divide-and-conquer,$O(n \log n)$,n,matrix_dim,matrix dimension,True,kept
Eigenvalues (Iterative),All eigenpairs; Eigenpair closest to mu; Any eigenpair; Any eigenvalue; All eigenvalues,all eigenpairs; all eigenvalues; any eigenpair; any eigenvalue; eigenpair closest to mu,serial,1992.0,Homotopy method,$O(n^2)$,n,matrix_dim,matrix dimension,True,kept
Eigenvalues (Iterative),Any eigenpair; Any eigenvalue,any eigenpair; any eigenvalue,serial,1999.0,MRRR algorithm,$O(n)$,n,matrix_dim,matrix dimension,True,kept
Entity Resolution,Entity Resolution,(general),parallel,2021.0,"Alami, Aassem, Hafidi",$O((pkRn+k)+R*m*T^2)$,,,an undefined parameter,False,"formula depends on too many parameters (R, T, k, m, n, p)"
Entity Resolution,Entity Resolution,(general),serial,1969.0,Fellegi & Sunter Model,$O(n^3 k)$,,,an undefined parameter,False,family has no usable input-size parameter
Entity Resolution,Entity Resolution,(general),serial,1989.0,Chen Ensembles of classifiers,$O(n^2 \log n)$,,,an undefined parameter,False,does not solve the problem exactly
Entity Resolution,Entity Resolution,(general),serial,1993.0,BOYS algorithm,$O(n^2 k)$,,,an undefined parameter,False,family has no usable input-size parameter
Entity Resolution,Entity Resolution,(general),serial,2000.0,EM Based Winkler,$O(n^3 k)$,,,an undefined parameter,False,family has no usable input-size parameter
Entity Resolution,Entity Resolution,(general),serial,2002.0,Ananthakrishna,$O(n^2 k)$,,,an undefined parameter,False,family has no usable input-size parameter
Entity Resolution,Entity Resolution,(general),serial,2004.0,Ravikumar & Cohen Generative Models,$O(n^2 k)$,,,an undefined parameter,False,family has no usable input-size parameter
Entity Resolution,Entity Resolution,(general),serial,2009.0,Gupta & Sarawagi CRF,$O(n^3 k)$,,,an undefined parameter,False,family has no usable input-size parameter
Entity Resolution,Entity Resolution,(general),serial,2012.0,Bellare Active Learning,$O(n^2 \log n c \log c)$,,,an undefined parameter,False,does not solve the problem exactly
Feature Detection,Corner Detection,corner detection,serial,1980.0,Moravec's algorithm 1980,$O(n^3)$,,,an undefined parameter,False,"approximation algorithm, not comparable to an exact runtime"
Feature Detection,Corner Detection,corner detection,serial,1982.0,L. Kitchen and A. Rosenfeld,$O(n^3)$,,,an undefined parameter,False,"approximation algorithm, not comparable to an exact runtime"
Feature Detection,Corner Detection,corner detection,serial,1987.0,Förstner algorithm 1987,$O(n^2 \log^2 n)$,,,an undefined parameter,False,"approximation algorithm, not comparable to an exact runtime"
Feature Detection,Corner Detection,corner detection,serial,1988.0,Harris and Stephens algorithm,$O(n^2)$,,,an undefined parameter,False,"approximation algorithm, not comparable to an exact runtime"
Feature Detection,Corner Detection,corner detection,serial,1988.0,J. J. Koenderink and W. Richards 1988,$O(n^3)$,,,an undefined parameter,False,"approximation algorithm, not comparable to an exact runtime"
Feature Detection,Blob Detection,blob detection,serial,1991.0,Lindeberg's watershed-based grey-level blob detection algorithm 1991,$O(n^3)$,,,an undefined parameter,False,"approximation algorithm, not comparable to an exact runtime"
Feature Detection,Corner Detection,corner detection,serial,1994.0,Lindeberg (1994),$O(n^2)$,,,an undefined parameter,False,"approximation algorithm, not comparable to an exact runtime"
Feature Detection,Blob Detection,blob detection,serial,1994.0,Hessain Determinant Lindeberg 1994,$O(n^3)$,,,an undefined parameter,False,"approximation algorithm, not comparable to an exact runtime"
Feature Detection,Corner Detection,corner detection,serial,1995.0,The Wang and Brady corner detection algorithm 1995,$O(n^2)$,,,an undefined parameter,False,"approximation algorithm, not comparable to an exact runtime"
Feature Detection,Corner Detection,corner detection,serial,1997.0,The SUSAN corner detector,$O(n^3)$,,,an undefined parameter,False,"approximation algorithm, not comparable to an exact runtime"
Feature Detection,Corner Detection,corner detection,serial,1997.0,T. Lindeberg and J. Garding (1997),$O(n^2)$,,,an undefined parameter,False,"approximation algorithm, not comparable to an exact runtime"
Feature Detection,Corner Detection,corner detection,serial,1998.0,Lindeberg (1998),$O(n^2)$,,,an undefined parameter,False,"approximation algorithm, not comparable to an exact runtime"
Feature Detection,Corner Detection,corner detection,serial,1998.0,The Trajkovic and Hedley corner detector 1998,$O(n^2 \log^2 n)$,,,an undefined parameter,False,"approximation algorithm, not comparable to an exact runtime"
Feature Detection,Blob Detection,blob detection,serial,1998.0,Hessain Determinant Lindeberg 1998,$O(n^3)$,,,an undefined parameter,False,"approximation algorithm, not comparable to an exact runtime"
Feature Detection,Blob Detection,blob detection,serial,1999.0,local scale-invariant Lowe 1999,$O(n^3)$,,,an undefined parameter,False,"approximation algorithm, not comparable to an exact runtime"
Feature Detection,Blob Detection,blob detection,serial,2000.0,A. Baumberg. 2000,$O(n^3)$,,,an undefined parameter,False,"approximation algorithm, not comparable to an exact runtime"
Feature Detection,Blob Detection,blob detection,serial,2000.0,Y. Dufournaud; C. Schmid; and R. Horaud 2000,$O(n^2 \log \log n)$,,,an undefined parameter,False,"approximation algorithm, not comparable to an exact runtime"
Feature Detection,Blob Detection,blob detection,serial,2000.0,T. Tuytelaars and L. Van Gool 2000,$O(n^3)$,,,an undefined parameter,False,"approximation algorithm, not comparable to an exact runtime"
Feature Detection,Blob Detection,blob detection,serial,2002.0,Maximally stable extremal regions Matas 2002,$O(n^2 \log^3 n)$,,,an undefined parameter,False,"approximation algorithm, not comparable to an exact runtime"
Feature Detection,Corner Detection,corner detection,serial,2004.0,K. Mikolajczyk; K. and C. Schmid LoG 2004,$O(n^2)$,,,an undefined parameter,False,"approximation algorithm, not comparable to an exact runtime"
Feature Detection,Corner Detection,corner detection,serial,2004.0,Lowe (2004),$O(n^2)$,,,an undefined parameter,False,"approximation algorithm, not comparable to an exact runtime"
Feature Detection,Blob Detection,blob detection,serial,2004.0,SIFT Algorithm Lowe 2004,$O(n^3)$,,,an undefined parameter,False,"approximation algorithm, not comparable to an exact runtime"
Feature Detection,Blob Detection,blob detection,serial,2004.0,Hessian-Laplace Mikolajczyk and Schmid 2004,$O(n^3)$,,,an undefined parameter,False,"approximation algorithm, not comparable to an exact runtime"
Feature Detection,Corner Detection,corner detection,serial,2005.0,Lindeberg 2005,$O(n^2)$,,,an undefined parameter,False,"approximation algorithm, not comparable to an exact runtime"
Feature Detection,Corner Detection,corner detection,serial,2006.0,FAST E. Rosten and T. Drummond 2006,$O(n^3)$,,,an undefined parameter,False,"approximation algorithm, not comparable to an exact runtime"
Feature Detection,Blob Detection,blob detection,serial,2006.0,SURF Descriptor 2006,$O(n^2)$,,,an undefined parameter,False,"approximation algorithm, not comparable to an exact runtime"
Feature Detection,Corner Detection,corner detection,serial,2008.0,Trujillo and Olague 2008,$O(n^2)$,,,an undefined parameter,False,"approximation algorithm, not comparable to an exact runtime"
Feature Detection,Corner Detection,corner detection,serial,2008.0,Geert Willems; Tinne Tuytelaars and Luc van Gool (2008),$O(n^2)$,,,an undefined parameter,False,"approximation algorithm, not comparable to an exact runtime"
Feature Detection,Blob Detection,blob detection,serial,2008.0,Spatio-temporal Geert Willems; Tinne Tuytelaars and Luc van Gool (2008),$O(n^2)$,,,an undefined parameter,False,"approximation algorithm, not comparable to an exact runtime"
Feature Detection,Blob Detection,blob detection,serial,2012.0,T. Lindeberg DoG 2012,$O(n^2)$,,,an undefined parameter,False,"approximation algorithm, not comparable to an exact runtime"
Feature Detection,Blob Detection,blob detection,serial,2015.0,T. Lindeberg DoG 2015,$O(n \log n)$,,,an undefined parameter,False,"approximation algorithm, not comparable to an exact runtime"
Feature Detection,Corner Detection,corner detection,serial,2019.0,"Tao Luo, Zaifeng Shi and Pumeng Wang",$O(n^2)$,,,an undefined parameter,False,"approximation algorithm, not comparable to an exact runtime"
Filtering Problem (stochastic Processes),Filtering Problem (Stochastic Processes),(general),serial,1959.0,Stratonovich,$O(n^3)$,n,dimensions,dimensions,True,kept
Filtering Problem (stochastic Processes),Filtering Problem (Stochastic Processes),(general),serial,1960.0,Kalman Filter,$O(n^3)$,n,dimensions,dimensions,True,kept
Filtering Problem (stochastic Processes),Filtering Problem (Stochastic Processes),(general),serial,1960.0,Stratonovich,$O(n^3)$,n,dimensions,dimensions,True,kept
Filtering Problem (stochastic Processes),Filtering Problem (Stochastic Processes),(general),serial,1967.0,Kushner non-linear filter,$O(n^3)$,n,dimensions,dimensions,True,kept
Filtering Problem (stochastic Processes),Filtering Problem (Stochastic Processes),(general),serial,1969.0,Zakai,$O(n^3)$,n,dimensions,dimensions,True,kept
Filtering Problem (stochastic Processes),Filtering Problem (Stochastic Processes),(general),serial,1979.0,Maybeck; Peter S Extended Kalman Filter,$O(n^2 \log^2 n)$,n,dimensions,dimensions,True,kept
Filtering Problem (stochastic Processes),Filtering Problem (Stochastic Processes),(general),serial,1996.0,Particle filter Del Moral,$O(n^3)$,n,dimensions,dimensions,True,kept
Filtering Problem (stochastic Processes),Filtering Problem (Stochastic Processes),(general),serial,1998.0,Damiano Brigo; Bernard Hanzon and François LeGland,$O(n^{2.45} \log n)$,n,dimensions,dimensions,True,kept
Filtering Problem (stochastic Processes),Filtering Problem (Stochastic Processes),(general),serial,1998.0,Del Moral; Pierre,$O(n^2)$,n,dimensions,dimensions,True,kept
Filtering Problem (stochastic Processes),Filtering Problem (Stochastic Processes),(general),serial,1999.0,Ocone,$O(n^2)$,n,dimensions,dimensions,True,kept
Finding Frequent Itemsets,,(general),parallel,1996.0,"Agrawal, Shafer",$O(n2^n)$,n,raw:number individual frequent items,number individual frequent items,True,kept
Finding Frequent Itemsets,,(general),parallel,1997.0,"Zaki, Parthasarathy, Ogihara, Li",$O(n2^n)$,n,raw:number individual frequent items,number individual frequent items,True,kept
Finding Frequent Itemsets,,(general),parallel,1998.0,"Cheung, Hu, Xia",$O(n2^n)$,n,raw:number individual frequent items,number individual frequent items,True,kept
Finding Frequent Itemsets,,(general),parallel,2003.0,"Veloso, Meira, Parthasarathy",$O(n2^n)$,n,raw:number individual frequent items,number individual frequent items,True,kept
Finding Frequent Itemsets,,(general),parallel,2003.0,"Chung, Luo",$O(n2^n)$,n,raw:number individual frequent items,number individual frequent items,True,kept
Finding Frequent Itemsets,,(general),parallel,2006.0,"Ye, Chiang",$O(n2^n)$,n,raw:number individual frequent items,number individual frequent items,True,kept
Finding Frequent Itemsets,,(general),parallel,2008.0,"Craus, Archip",$O(n2^n)$,n,raw:number individual frequent items,number individual frequent items,True,kept
Finding Frequent Itemsets,,(general),parallel,2010.0,"Mesa, Feregrino-Uribe, Cumplido, Hern´andez-Palancar",$O(n2^n)$,n,raw:number individual frequent items,number individual frequent items,True,kept
Finding Frequent Itemsets,,(general),parallel,2011.0,"Ozkural, Uçar, Aykanat",$O(n2^n)$,n,raw:number individual frequent items,number individual frequent items,True,kept
Finding Frequent Itemsets,,(general),parallel,2018.0,"Phan, Le",$O(n2^n)$,n,raw:number individual frequent items,number individual frequent items,True,kept
Finding Frequent Itemsets,,(general),parallel,2018.0,"Zhang, Zhang, Liao, Jin",$O(n2^n)$,n,raw:number individual frequent items,number individual frequent items,True,kept
Finding Frequent Itemsets,Finding Frequent Itemsets,(general),serial,1994.0,A-Priori algorithm,$O(n^2)$,,,number individual frequent items,False,"measured in elements in the input, but this family is compared in number individual frequent items"
Finding Frequent Itemsets,Finding Frequent Itemsets,(general),serial,1995.0,The Algorithm of Park; Chen; and Yu (PCY),$O(n^2)$,,,number individual frequent items,False,"measured in elements in the input, but this family is compared in number individual frequent items"
Finding Frequent Itemsets,Finding Frequent Itemsets,(general),serial,1999.0,The Multistage Algorithm,$O(n^2)$,,,number individual frequent items,False,"measured in elements in the input, but this family is compared in number individual frequent items"
Finding Frequent Itemsets,Finding Frequent Itemsets,(general),serial,1999.0,The Multihash Algorithm,$O(n^2)$,,,number individual frequent items,False,"measured in elements in the input, but this family is compared in number individual frequent items"
Frequent Words with Mismatches Problem,,(general),serial,1940.0,Naive solution,"$O(n f_{bin}(\sigma-1, k, d))$ where $f_{bin}(x, y, z) = \sum_{i=0}^z \binom{y}{i}x^i$",,,an undefined parameter,False,year missing or outside 1950-2026
Generating Random Permutations,General Permutations,general permutations,parallel,1983.0,Kruskal,$O(n \log n)$,n,elements,elements in the input,True,kept
Generating Random Permutations,General Permutations,general permutations,parallel,1985.0,Reif,$O(n)$,n,elements,elements in the input,True,kept
Generating Random Permutations,General Permutations,general permutations,parallel,1989.0,Rajasekaran et al.,$O(n \log n)$,n,elements,elements in the input,True,kept
Generating Random Permutations,General Permutations,general permutations,parallel,1989.0,Berkman et al.,$O(n \log n)$,n,elements,elements in the input,True,kept
Generating Random Permutations,General Permutations,general permutations,parallel,1991.0,Hagerup (1),$O(n * polylog(n))$,,,elements in the input,False,formula not usable: polylog(...) has no determinate exponent
Generating Random Permutations,General Permutations,general permutations,parallel,1991.0,Hagerup (2),$O(n)$,n,elements,elements in the input,True,kept
Generating Random Permutations,General Permutations,general permutations,parallel,1991.0,Hagerup (3),$O(n \log n)$,n,elements,elements in the input,True,kept
Generating Random Permutations,General Permutations,general permutations,parallel,1991.0,Hagerup (4),$O(n \log n)$,n,elements,elements in the input,True,kept
Generating Random Permutations,General Permutations,general permutations,parallel,1991.0,Matias et al.,$O(n)$,n,elements,elements in the input,True,kept
Generating Random Permutations,General Permutations,general permutations,parallel,1996.0,Alonso et al.,$O(n \log^2 n)$,n,elements,elements in the input,True,kept
Generating Random Permutations,General Permutations,general permutations,parallel,1998.0,Czumaj et al. (1),$O(n \log \log n)$,n,elements,elements in the input,True,kept
Generating Random Permutations,General Permutations,general permutations,parallel,1998.0,Czumaj et al. (2),$O(n \log n)$,n,elements,elements in the input,True,kept
Generating Random Permutations,General Permutations,general permutations,serial,1887.0,Radix sorting method,$O(n)$,,,elements in the input,False,year missing or outside 1950-2026
Generating Random Permutations,General Permutations,general permutations,serial,1938.0,Fisher–Yates/Knuth shuffle,$O(n^2)$,,,elements in the input,False,year missing or outside 1950-2026
Generating Random Permutations,General Permutations,general permutations,serial,1964.0,Durstenfeld's Algorithm 235,$O(n)$,n,elements,elements in the input,True,kept
Generating Random Permutations,Cyclic Permutations,cyclic permutations,serial,1986.0,Sattolo's algorithm,$O(n)$,n,elements,elements in the input,True,kept
Geometric Incidence Problems,Point on 3 lines,point on 3 lines,quantum,2020.0,Quantum algorithms for computational geometry problems,,,,an undefined parameter,False,formula not usable: no formula recorded
Graph Coloring,k-Graph Coloring,k-graph coloring,parallel,1991.0,"Kedem, Palem, Pantziou, Spirakis, Zaroliagis",$O(n^2p \\log^4{n}/ \\log{\\log{n}})$ expected,,,vertices in the graph,False,"also depends on 'p' (an undefined parameter), which has no worst-case bound in terms of vertices in the graph"
Graph Coloring,Chromatic Number,chromatic number,quantum,2022.0,Exponential-Time Quantum Algorithms for Graph Coloring Problems,O(1.9140^n),n,vertices,vertices in the graph,True,kept
Graph Coloring,Chromatic Number,chromatic number,quantum,2024.0,"Quantum Algorithms for Graph Coloring and Other Partitioning, Cover...",O^*(1.7956^n),n,vertices,vertices in the graph,True,kept
Graph Coloring,3-Graph Coloring,3-graph coloring,serial,1852.0,Brute-force search,$O((m+n) 3^n)$,,,vertices in the graph,False,year missing or outside 1950-2026
Graph Coloring,4-Graph Coloring,4-graph coloring,serial,1852.0,Brute force,$O((m+n) 4^n)$,,,vertices in the graph,False,year missing or outside 1950-2026
Graph Coloring,3-Graph Coloring,3-graph coloring,serial,1976.0,Lawler,$O(mn 3^{n/3}) ~ O(mn(1.445)^n)$,,,vertices in the graph,False,formula not usable: nested asymptotic notation has no determinate value
Graph Coloring,4-Graph Coloring,4-graph coloring,serial,1976.0,Lawler,$O((m+n)2^n)$,n,vertices,vertices in the graph,True,kept; substituted worst-case edges in the graph for 'm'
Graph Coloring,3-Graph Coloring,3-graph coloring,serial,1979.0,Brélaz (DSatur),$O(n^2)$,n,vertices,vertices in the graph,True,kept
Graph Coloring,3-Graph Coloring,3-graph coloring,serial,1988.0,Johnson,$O(1.4422^n)$,n,vertices,vertices in the graph,True,kept
Graph Coloring,3-Graph Coloring,3-graph coloring,serial,1989.0,Petford and Welsh,$O(n \log n)$,n,vertices,vertices in the graph,True,kept
Graph Coloring,3-Graph Coloring,3-graph coloring,serial,1994.0,Schiermeyer,$O(1.415^n)$,n,vertices,vertices in the graph,True,kept
Graph Coloring,3-Graph Coloring,3-graph coloring,serial,1995.0,Beigel & Eppstein,$O(1.3446^n)$,n,vertices,vertices in the graph,True,kept
Graph Coloring,3-Coloring a Random 3-Colorable Graph,3-coloring a random 3-colorable graph,serial,1997.0,Alon and Kahale,$O(\text{poly}(n))$,,,vertices in the graph,False,formula not usable: poly(...) has no determinate exponent
Graph Coloring,3-Graph Coloring,3-graph coloring,serial,1998.0,Hirsch,$O(1.239^n)$,n,vertices,vertices in the graph,True,kept
Graph Coloring,3-Graph Coloring,3-graph coloring,serial,1999.0,Schöning,$O(1.333^n)$,n,vertices,vertices in the graph,True,kept
Graph Coloring,3-Graph Coloring,3-graph coloring,serial,2000.0,Beigel & Eppstein,$O(1.3289^n)$,n,vertices,vertices in the graph,True,kept
Graph Coloring,4-Graph Coloring,4-graph coloring,serial,2004.0,Byskov,$O(1.7504^n)$,n,vertices,vertices in the graph,True,kept
Graph Coloring,4-Graph Coloring,4-graph coloring,serial,2007.0,Fomin; Gaspers & Saurabh,$O(1.7272^n)$,n,vertices,vertices in the graph,True,kept
Graph Cycles,Cycle Finding,cycle finding,quantum,2016.0,"Cade, Montanaro, Belovs",Õ(n^(3/2)),n,vertices,vertices in the graph,True,kept
Graph Edit Distance Computation,,(general),serial,1983.0,Alberto Sanfeliu and King-Sun Fu,$O(V^3 E^2)$,V,vertices,vertices in the graph,True,kept; substituted worst-case edges in the graph for 'E'
Graph Edit Distance Computation,,(general),serial,1997.0,Wang Y-K; Fan K-C; Horng J-T,$O(V E^2 \log \log E)$,V,vertices,vertices in the graph,True,kept; substituted worst-case edges in the graph for 'E'
Graph Edit Distance Computation,Inexact GED,inexact ged,serial,1998.0,Finch,$O(V^2 E)$,,,vertices in the graph,False,does not solve the problem exactly
Graph Edit Distance Computation,Inexact GED,inexact ged,serial,2006.0,"Neuhaus, Riesen, Bunke",$O(V^2)$,,,vertices in the graph,False,does not solve the problem exactly
Graph Edit Distance Computation,Inexact GED,inexact ged,serial,2013.0,K Riesen,$O(V^2)$,,,vertices in the graph,False,does not solve the problem exactly
Graph Edit Distance Computation,Inexact GED,inexact ged,serial,2017.0,L Chang,$O(V E^2 \log V)$,,,vertices in the graph,False,does not solve the problem exactly
Graph Edit Distance Computation,Exact GED,exact ged,serial,2019.0,X Chen,$O(V!)$,,,vertices in the graph,False,formula not usable: factorial runtimes are not evaluated
Graph Isomorphism,"Graph Isomorphism, General Graphs","graph isomorphism, general graphs",parallel,2020.0,"Pham, Palem, Rao",$n^(O(\log n))$ ?,,,vertices in the graph,False,formula not usable: nested asymptotic notation has no determinate value
Graph Isomorphism,,(general),quantum,2023.0,A Graph Isomorphism Algorithm based on Continuous-Time Quantum Walks,O(N^7),,,vertices in the graph,False,cannot tell what N means (no definition given and the family is inconsistent)
Graph Isomorphism,,(general),serial,1976.0,Schmidt & Druffel,$O(n\cdot n!)$,,,vertices in the graph,False,formula not usable: factorial runtimes are not evaluated
Graph Isomorphism,"Graph Isomorphism, Bounded Number of Vertices of Each Color","graph isomorphism, bounded number of vertices of each color",serial,1980.0,Babai,$o(\exp(2n^{1/2}\log^2 n))$,n,vertices,vertices in the graph,True,kept
Graph Isomorphism,,(general),serial,1981.0,McKay,$O((m_1 + m_2)n^3 + m_2 n^2 L)$; possibly $O(\exp(O(n\log n))))$?,,,vertices in the graph,False,"formula depends on too many parameters (L, m_1, m_2, n)"
Graph Isomorphism,"Graph Isomorphism, General Graphs","graph isomorphism, general graphs",serial,1983.0,Babai and Luks,$\exp(n^{1/2 + o(1)})$,n,vertices,vertices in the graph,True,kept
Graph Isomorphism,Partial k-trees,partial k-trees,serial,1990.0,Bodlaender,$O(n^{k+4.5})$,,,vertices in the graph,False,"also depends on 'k' (graphs which partial k trees), which has no worst-case bound in terms of vertices in the graph"
Graph Isomorphism,Isomorphism of strongly regular graphs,isomorphism of strongly regular graphs,serial,1996.0,Spielman,$n^{O(n^{1/3} \log n)}$,,,vertices in the graph,False,formula not usable: nested asymptotic notation has no determinate value
Graph Isomorphism,Circulant graphs,circulant graphs,serial,2004.0,Muzychuk,$O(n^2)$,n,vertices,vertices in the graph,True,kept
Graph Isomorphism,Hypergraphs isomorphism,hypergraphs isomorphism,serial,2008.0,Babai & Codenotti,$\exp(O(k^2 \sqrt{n}))$,,,vertices in the graph,False,formula not usable: nested asymptotic notation has no determinate value
Graph Isomorphism,,(general),serial,2017.0,Babai,$2^{O(\log n)^3}$,,,vertices in the graph,False,formula not usable: nested asymptotic notation has no determinate value
Graph Realization Problems,Digraph Realization Problem,digraph realization problem,serial,1973.0,Kleitman–Wang Algorithm,$O(n)$,n,raw:number degree pairs,number degree pairs,True,kept
Graph Realization Problems,Digraph Realization Problem,digraph realization problem,serial,1982.0,Fulkerson–Chen–Anstee,$O(n)$,n,raw:number degree pairs,number degree pairs,True,kept
Graph Realization Problems,DAG Realization Problem,dag realization problem,serial,2011.0,Berger & Müller-Hannemann,$\exp(O(n))$,,,number degree pairs,False,formula not usable: nested asymptotic notation has no determinate value
Graph Triangle Problems,Triangle Detection,triangle detection,quantum,2000.0,"Buhrman, Dürr, Heiligman, Høyer, Magniez, Santha, De Wolf",O(n + sqrt(n*m)),n,vertices,vertices in the graph,True,kept; substituted worst-case edges in the graph for 'm'
Graph Triangle Problems,Triangle Detection,triangle detection,quantum,2005.0,"Magniez, Santha, Szegedy 1",O(n^(10/7)*poly(log(n))),,,vertices in the graph,False,formula not usable: poly(...) has no determinate exponent
Graph Triangle Problems,Triangle Detection,triangle detection,quantum,2005.0,"Magniez, Santha, Szegedy 2",O(n^(13/10)*poly(log(n))),,,vertices in the graph,False,formula not usable: poly(...) has no determinate exponent
Greatest Common Divisor,Greatest Common Divisor,(general),parallel,1987.0,"Kannan, Miller, Rudolph",$O(n^3(\log n)(\log \log n))$,n,input_bits,bits of input,True,kept
Greatest Common Divisor,Greatest Common Divisor,(general),parallel,1990.0,"Chor, Goldreich [CRCW]",$O(n^(2+eps)/\log n) for any eps>0$,,,bits of input,False,formula not usable: nested asymptotic notation has no determinate value
Greatest Common Divisor,Greatest Common Divisor,(general),parallel,1990.0,"Chor, Goldreich [CREW]",$O(n^(2+eps)(\log \log n)/\log n) for any eps>0$,,,bits of input,False,formula not usable: nested asymptotic notation has no determinate value
Greatest Common Divisor,Greatest Common Divisor,(general),parallel,1994.0,Sorenson (left shift k-ary),$O(nk^(2+o(1))(n/\log k + (\log n)^2(\log \log n)))$,,,bits of input,False,"also depends on 'k' (any even power 2 between log n 2 n), which has no worst-case bound in terms of bits of input"
Greatest Common Divisor,Greatest Common Divisor,(general),parallel,1994.0,Sorenson (right shift k-ary),$O(nk^(4+o(1))(n/\log k + (\log n)^2(\log \log n)))$,,,bits of input,False,"also depends on 'k' (any number between log n 2 n), which has no worst-case bound in terms of bits of input"
Greatest Common Divisor,Greatest Common Divisor,(general),parallel,2001.0,Sedjelmaci,$O(n^(2+eps)/\log n) for any eps>0$,,,bits of input,False,formula not usable: nested asymptotic notation has no determinate value
Greatest Common Divisor,Greatest Common Divisor,(general),parallel,2010.0,Sorenson,$O(n^(7+eps)(\log \log n)/\log n) for any eps>0$,,,bits of input,False,formula not usable: nested asymptotic notation has no determinate value
Greatest Common Divisor,Greatest Common Divisor,(general),serial,-300.0,Euclid's algorithm,$O(n^2)$,,,bits of input,False,year missing or outside 1950-2026
Greatest Common Divisor,Greatest Common Divisor,(general),serial,1940.0,Lehmer's GCD algorithm,$O(n^2)$,,,bits of input,False,year missing or outside 1950-2026
Greatest Common Divisor,Greatest Common Divisor,(general),serial,1967.0,Binary GCD algorithm,$O(n^2)$,n,input_bits,bits of input,True,kept
Greatest Common Divisor,Greatest Common Divisor,(general),serial,2006.0,"Sthele, Zimmermann",$O(n \log^2 n \log \log n)$,n,input_bits,bits of input,True,kept
Gröbner Bases,Gröbner Bases,(general),serial,1976.0,Buchberger's algorithm,$O(d^{2^{n+o(1)}})$,,,an undefined parameter,False,family has no usable input-size parameter
Gröbner Bases,Gröbner Bases,(general),serial,1999.0,Faugère F4 algorithm,$O(\binom{n+D_{reg}}{D_{reg}}^{\omega})$,,,an undefined parameter,False,family has no usable input-size parameter
Gröbner Bases,Gröbner Bases,(general),serial,2002.0,Faugère F5 algorithm,$O(\binom{n+D_{reg}}{D_{reg}}^{\omega})$,,,an undefined parameter,False,family has no usable input-size parameter
Hyperbolic Spline Interpolation,Hyperbolic Spline Interpolation,(general),serial,1994.0,V. A. Lyul’ka and A. V. Romanenko,$O(n^5)$,n,points,input points,True,kept
Hyperbolic Spline Interpolation,Hyperbolic Spline Interpolation,(general),serial,1999.0,"P. Costantini, B. I. Kvasov, and C. Manni",$O(n^5 \log K)$,,,input points,False,"also depends on 'K' (an undefined parameter), which has no worst-case bound in terms of input points"
Hyperbolic Spline Interpolation,Hyperbolic Spline Interpolation,(general),serial,2000.0,B. I. Kvasov,$O(n^4)$,n,points,input points,True,kept
Hyperbolic Spline Interpolation,Hyperbolic Spline Interpolation,(general),serial,2003.0,V. A. Lyul’ka and I. E. Mikhailov,$O(n^4)$,n,points,input points,True,kept
Hyperbolic Spline Interpolation,Hyperbolic Spline Interpolation,(general),serial,2006.0,V. I. Paasonen,$O(n^5 \log K)$,,,input points,False,"also depends on 'K' (an undefined parameter), which has no worst-case bound in terms of input points"
Hyperbolic Spline Interpolation,Hyperbolic Spline Interpolation,(general),serial,2008.0,B.I. Kvasov,$O(n^3 \log^2 K)$,,,input points,False,"also depends on 'K' (an undefined parameter), which has no worst-case bound in terms of input points"
Image Compositing,Image Compositing,(general),serial,1985.0,Petro Vlahos Algorithm,$O(n^2 k/r)$,,,an undefined parameter,False,"approximation algorithm, not comparable to an exact runtime"
Image Segmentation,,(general),serial,1974.0,S.L. Horowitz and T. Pavlidis - directed split and merge,$O(n^2)$,,,an undefined parameter,False,"approximation algorithm, not comparable to an exact runtime"
Image Segmentation,,(general),serial,1978.0,Recursive Region Splitting,$O(n^2)$,,,an undefined parameter,False,"approximation algorithm, not comparable to an exact runtime"
Image Segmentation,,(general),serial,1979.0,watershed transformation 1979,$O(n^2)$,,,an undefined parameter,False,"approximation algorithm, not comparable to an exact runtime"
Image Segmentation,,(general),serial,1984.0,Geman and Geman Markov random fields,$O(n^2)$,,,an undefined parameter,False,"approximation algorithm, not comparable to an exact runtime"
Image Segmentation,,(general),serial,1986.0,Iterated conditional modes algorithm,$O(n^2)$,,,an undefined parameter,False,"approximation algorithm, not comparable to an exact runtime"
Image Segmentation,,(general),serial,1987.0,Kass; Witkin and Terzopoulos,$O(n^2)$,,,an undefined parameter,False,"approximation algorithm, not comparable to an exact runtime"
Image Segmentation,,(general),serial,1989.0,David Mumford and Jayant Shah (1989),$O(n^2)$,,,an undefined parameter,False,"approximation algorithm, not comparable to an exact runtime"
Image Segmentation,,(general),serial,1991.0,Chen's lambda-connected segmentation,$O(n \log n)$,,,an undefined parameter,False,"approximation algorithm, not comparable to an exact runtime"
Image Segmentation,,(general),serial,1994.0,Multiple Resolution segmentation - J. Liu and Y. H. Yang (1994),$O(n^2)$,,,an undefined parameter,False,"approximation algorithm, not comparable to an exact runtime"
Image Segmentation,,(general),serial,1995.0,Bijaoui and Rué,$O(n^2)$,,,an undefined parameter,False,"approximation algorithm, not comparable to an exact runtime"
Image Segmentation,,(general),serial,1997.0,topological watershed,$O(n^2)$,,,an undefined parameter,False,"approximation algorithm, not comparable to an exact runtime"
Image Segmentation,,(general),serial,2000.0,Florack and Kuijper,$O(n^2)$,,,an undefined parameter,False,"approximation algorithm, not comparable to an exact runtime"
Image Segmentation,,(general),serial,2001.0,Linda G. Shapiro and George C. Stockman (2001),$O(n^2)$,,,an undefined parameter,False,"approximation algorithm, not comparable to an exact runtime"
Image Segmentation,,(general),serial,2002.0,Multi-scale MAP estimation - A. Bouman and M. Shapiro (2002),$O(n^2)$,,,an undefined parameter,False,"approximation algorithm, not comparable to an exact runtime"
Image Segmentation,,(general),serial,2004.0,R. Nock and F. Nielsen Statistical Region Merging,$O(n^2)$,,,an undefined parameter,False,"approximation algorithm, not comparable to an exact runtime"
Image Segmentation,,(general),serial,2005.0,Quasi-linear Topological watershed,$O(n \log n)$,,,an undefined parameter,False,"approximation algorithm, not comparable to an exact runtime"
Image Segmentation,,(general),serial,2006.0,Isometric graph partitioning - Leo Grady and Eric L. Schwartz (2006),$O(n^2)$,,,an undefined parameter,False,"approximation algorithm, not comparable to an exact runtime"
Image Segmentation,,(general),serial,2012.0,Dual clustering - Guberman,$O(n \log n)$,,,an undefined parameter,False,"approximation algorithm, not comparable to an exact runtime"
Image Segmentation,,(general),serial,2014.0,Barghout; Lauren Visual Taxometric approach,$O(n \log n)$,,,an undefined parameter,False,"approximation algorithm, not comparable to an exact runtime"
Informed Search,Informed Search,(general),serial,1959.0,Greedy Best-First Search,$O(b^d)$,,,an undefined parameter,False,family has no usable input-size parameter
Informed Search,Informed Search,(general),serial,1968.0,A* Algorithm,$O(b^d)$,,,an undefined parameter,False,family has no usable input-size parameter
Informed Search,Informed Search,(general),serial,1985.0,Iterative Deepening A* (IDA*),$O(b^d)$,,,an undefined parameter,False,family has no usable input-size parameter
Informed Search,Informed Search,(general),serial,1992.0,Simplified Memory-Bounded A* (SMA*),$O(b^d)$,,,an undefined parameter,False,family has no usable input-size parameter
Informed Search,Informed Search,(general),serial,1994.0,D*,$O(b^d)$,,,an undefined parameter,False,family has no usable input-size parameter
Informed Search,Informed Search,(general),serial,2001.0,Lifelong Planning A* (LPA*),$O(b^d)$,,,an undefined parameter,False,family has no usable input-size parameter
Informed Search,Informed Search,(general),serial,2005.0,Anytime Repairing A* (ARA*),$O(b^d)$,,,an undefined parameter,False,family has no usable input-size parameter
Informed Search,Informed Search,(general),serial,2005.0,Fringe,$O(b^d)$,,,an undefined parameter,False,family has no usable input-size parameter
Informed Search,Informed Search,(general),serial,2006.0,Field D*,$O(b^d)$,,,an undefined parameter,False,family has no usable input-size parameter
Informed Search,Informed Search,(general),serial,2007.0,Bidirectional A* Algorithm,$O(b^{(d/2)})$,,,an undefined parameter,False,family has no usable input-size parameter
Informed Search,Informed Search,(general),serial,2008.0,Fringe Saving A* (FSA*),$O(b^d)$,,,an undefined parameter,False,family has no usable input-size parameter
Informed Search,Informed Search,(general),serial,2008.0,Generalized Adaptive A* (GAA*),$O(b^d)$,,,an undefined parameter,False,family has no usable input-size parameter
Informed Search,Informed Search,(general),serial,2009.0,Time-Bounded A* (TBA*),$O(b^d)$,,,an undefined parameter,False,family has no usable input-size parameter
Informed Search,Informed Search,(general),serial,2010.0,Theta*,$O(b^d)$,,,an undefined parameter,False,family has no usable input-size parameter
Informed Search,Informed Search,(general),serial,2011.0,Jump Point Search (JPS),$O(b^d)$,,,an undefined parameter,False,family has no usable input-size parameter
Informed Search,Informed Search,(general),serial,2011.0,Block A*,$O(b^d)$,,,an undefined parameter,False,family has no usable input-size parameter
Integer Factoring,Second Category Integer Factoring,(general),parallel,1985.0,Wunderlich (continued fraction factoring),$M^a / (r(a) a^2 \log^2 M)$,,,bits of input,False,"cannot tell what a, r means (no definition given and the family is inconsistent)"
Integer Factoring,Second Category Integer Factoring,(general),parallel,1987.0,Silverman (multiple polynomial quadratic sieve),"$L_n[1/2,(9/8)^(1/2)] = exp((sqrt(9/8)+o(1)) * sqrt(ln n * ln ln n))$",,,bits of input,False,"measured in the integer being factored, but this family is compared in bits of input"
Integer Factoring,First Category Integer Factoring,(general),parallel,1990.0,Parallel Lenstra's ECM (Brent),$T_1 + O(T_1^{1=2+\eps}*P)$,,,bits of input,False,formula not usable: unbalanced parentheses in the source cell
Integer Factoring,Second Category Integer Factoring,(general),parallel,1993.0,Yan (trial division),$pi(sqrt(n))$,,,bits of input,False,"measured in the integer being factored, but this family is compared in bits of input"
Integer Factoring,Second Category Integer Factoring,(general),parallel,1993.0,Rational sieve,"$L_n[1/3,(32/9)^(1/3)] = exp(((32/9)^(1/3)+o(1))(ln n)^(1/3)(ln ln n)^(2/3))$",,,bits of input,False,"measured in the integer being factored, but this family is compared in bits of input"
Integer Factoring,Second Category Integer Factoring,(general),parallel,1994.0,Sorenson,$exp[O(\log^d n)]$,,,bits of input,False,formula not usable: nested asymptotic notation has no determinate value
Integer Factoring,Second Category Integer Factoring,(general),parallel,2000.0,"Åsbrink, Brynielsson (quadratic sieve with only parallel sieving)","$L_n[1/2,(9/8)^(1/2)] = exp((sqrt(9/8)+o(1)) * sqrt(ln n * ln ln n))$",,,bits of input,False,"measured in the integer being factored, but this family is compared in bits of input"
Integer Factoring,Second Category Integer Factoring,(general),parallel,2005.0,"Yang, Xu, Lin (GNFS with parallel sieving and serial block lanczos)","$L_n[1/3,(64/9)^(1/3)] = exp(((64/9)^(1/3)+o(1))(ln n)^(1/3)(ln ln n)^(2/3))$",,,bits of input,False,"measured in the integer being factored, but this family is compared in bits of input"
Integer Factoring,Second Category Integer Factoring,(general),parallel,2006.0,"Yang, Xu, Lin, Quinn (GNFS with parallel sieving and serial biorthogonal block lanczos)","$L_n[1/3,(64/9)^(1/3)] = exp(((64/9)^(1/3)+o(1))(ln n)^(1/3)(ln ln n)^(2/3))$",,,bits of input,False,"measured in the integer being factored, but this family is compared in bits of input"
Integer Factoring,Second Category Integer Factoring,(general),parallel,2010.0,"Yang, Xu, Yeo, Hussain (GNFS with parallel sieving and montgomery block lanczos)","$L_n[1/3,(64/9)^(1/3)] = exp(((64/9)^(1/3)+o(1))(ln n)^(1/3)(ln ln n)^(2/3))$",,,bits of input,False,"measured in the integer being factored, but this family is compared in bits of input"
Integer Factoring,Second Category Integer Factoring,(general),parallel,2014.0,"Daoud, Gad (GNFS with parallel sieving)","$L_n[1/3,(64/9)^(1/3)] = exp(((64/9)^(1/3)+o(1))(ln n)^(1/3)(ln ln n)^(2/3))$",,,bits of input,False,"measured in the integer being factored, but this family is compared in bits of input"
Integer Factoring,Second Category Integer Factoring,(general),parallel,2017.0,"Yang, Huang, Feng, Pan, Zhu (GNFS with parallel sieving and MPI parallel block lanczos)","$L_n[1/3,(64/9)^(1/3)] = exp(((64/9)^(1/3)+o(1))(ln n)^(1/3)(ln ln n)^(2/3))$",,,bits of input,False,"measured in the integer being factored, but this family is compared in bits of input"
Integer Factoring,Second Category Integer Factoring,(general),parallel,2017.0,"Yang, Huang, Feng, Xu (GNFS with parallel sieving and parallel block wiedemann)","$L_n[1/3,(64/9)^(1/3)] = exp(((64/9)^(1/3)+o(1))(ln n)^(1/3)(ln ln n)^(2/3))$",,,bits of input,False,"measured in the integer being factored, but this family is compared in bits of input"
Integer Factoring,Second Category Integer Factoring,(general),parallel,2021.0,"Bouillaguet, Zimmermann (GNFS with structured gaussian elimination as dimension/density reduction before iterative linear solver)","$L_n[1/3,(64/9)^(1/3)] = exp(((64/9)^(1/3)+o(1))(ln n)^(1/3)(ln ln n)^(2/3))$",,,bits of input,False,"measured in the integer being factored, but this family is compared in bits of input"
Integer Factoring,Second Category Integer Factoring,(general),parallel,2022.0,"Bahig, Hazber, Al-Utaibi, Nassr",$O(m)$,,,bits of input,False,"measured in the integer being factored, but this family is compared in bits of input"
Integer Factoring,Integer Factoring,(general),quantum,1994.0,Shor's Algorithm,"O(poly(n))
more specifically: O(n^2 log n)",n,input_bits,bits of input,True,kept
Integer Factoring,Integer Factoring,(general),quantum,2003.0,Modified Shor's,O(n^3),n,input_bits,bits of input,True,kept
Integer Factoring,Integer Factoring,(general),quantum,2006.0,Modified Shor's,O(n^2 log n),n,input_bits,bits of input,True,kept
Integer Factoring,Integer Factoring,(general),quantum,2006.0,Modified Shor's,O(n^3 log n),n,input_bits,bits of input,True,kept
Integer Factoring,Integer Factoring,(general),quantum,2017.0,Modified Shor's,O(n^3 log n),n,input_bits,bits of input,True,kept
Integer Factoring,Integer Factoring,(general),quantum,2018.0,Variational Quantum Factoring,O(s^2 n_c^4 n^8),,,bits of input,False,formula uses 2 different symbols that all mean bits of input
Integer Factoring,Integer Factoring,(general),quantum,2021.0,Gidney-Ekera,0.3*n^3 + 0.005*n^3 * log(n),n,input_bits,bits of input,True,kept
Integer Factoring,Integer Factoring,(general),quantum,2022.0,SQIF,O(n^2/2p),,,bits of input,False,"also depends on 'p' (processors), which has no worst-case bound in terms of bits of input"
Integer Factoring,Integer Factoring,(general),quantum,2023.0,Regev's Algorithm,O(n^2),n,input_bits,bits of input,True,kept
Integer Factoring,Smallest Factor,smallest factor,quantum,2023.0,Grover-based,O(n^3 2^n),n,input_bits,bits of input,True,kept
Integer Factoring,Integer Factoring,(general),quantum,2024.0,Chevnigard,O(n^3),n,input_bits,bits of input,True,kept
Integer Factoring,Integer Factoring,(general),quantum,2024.0,Jacobi Factoring,O(n^(5/3)),n,input_bits,bits of input,True,kept
Integer Factoring,Integer Factoring,(general),quantum,2025.0,Space-efficient Regev's Algorithm,O(n^2),n,input_bits,bits of input,True,kept
Integer Factoring,Integer Factoring,(general),quantum,2025.0,Modified Shor's,O(m_max * d_u),,,bits of input,False,"measured in depth unitary gate u, maximum qubit window size, but this family is compared in bits of input"
Integer Factoring,Integer Factoring,(general),quantum,2025.0,Factoring an integer with three oscillators and a qubit,O((log n)^2),n,input_bits,bits of input,True,kept
Integer Factoring,Integer Factoring,(general),quantum,,"Bernstein, Biasse, Mosca",O(exp(1.387 * n^(1/3) * (log n)^(2/3)),,,bits of input,False,year missing or outside 1950-2026
Integer Factoring,First Category Integer Factoring,(general),serial,1202.0,Trial division,$O(2^{n/2})$,,,bits of input,False,year missing or outside 1950-2026
Integer Factoring,First Category Integer Factoring,(general),serial,1894.0,Fermat's factorization method,$O(2^n)$,,,bits of input,False,year missing or outside 1950-2026
Integer Factoring,Second Category Integer Factoring,(general),serial,1931.0,Continued fraction factorization (CFRAC),$O(e^{\sqrt{2n\log n}})$,,,bits of input,False,year missing or outside 1950-2026
Integer Factoring,First Category Integer Factoring,(general),serial,1940.0,Wheel factorization,$O(2^{n/2})$,,,bits of input,False,year missing or outside 1950-2026
Integer Factoring,First Category Integer Factoring,(general),serial,1940.0,Euler's factorization method,$O(2^{n/2})$,,,bits of input,False,year missing or outside 1950-2026
Integer Factoring,First Category Integer Factoring,(general),serial,1940.0,Special number field sieve,"$O(\exp((1+o(1))(32n/9)^{1/3}(log n)^{2/3})$, under assumption about numbers in a sequence behaving randomly in a given range",,,bits of input,False,year missing or outside 1950-2026
Integer Factoring,First Category Integer Factoring,(general),serial,1974.0,Pollard's p − 1 algorithm,$O(B \log(B) \log^2(n))$,,,bits of input,False,"also depends on 'B' (smoothness bound can be exponential), which has no worst-case bound in terms of bits of input"
Integer Factoring,First Category Integer Factoring,(general),serial,1975.0,Pollard's rho algorithm,-,,,bits of input,False,formula not usable: no formula recorded
Integer Factoring,Second Category Integer Factoring,(general),serial,1981.0,Dixon's algorithm,$O(e^{2 \sqrt{2} \sqrt{n\log n}})$,n,input_bits,bits of input,True,kept
Integer Factoring,Second Category Integer Factoring,(general),serial,1981.0,Quadratic sieve,"$O(e^{\sqrt{(1+o(1))n \log n}})$, under assumption about numbers in a sequence behaving randomly in a given range",n,input_bits,bits of input,True,kept
Integer Factoring,First Category Integer Factoring,(general),serial,1982.0,Williams' p + 1 algorithm,$O(2^n)$,n,input_bits,bits of input,True,kept
Integer Factoring,First Category Integer Factoring,(general),serial,1987.0,Lenstra elliptic curve factorization,$O(e^{\sqrt{(1+o(1))n\log n}})$,n,input_bits,bits of input,True,kept
Integer Factoring,Second Category Integer Factoring,(general),serial,1996.0,General number field sieve,"$O(\exp((1+o(1))(64n/9)^{1/3}(log n)^{2/3})$, under assumption about numbers in a sequence behaving randomly in a given range",n,input_bits,bits of input,True,kept
Integer Factoring,Second Category Integer Factoring,(general),serial,2007.0,Shanks's square forms factorization (SQUFOF),$O(2^{n/4})$,n,input_bits,bits of input,True,kept
Integer Relation,Integer Relation Among Reals,integer relation among reals,parallel,2001.0,"Bailey, Broadhurst",$O(n^3)*number of iterations$,,,number real numbers find integer relation,False,formula not usable: nested asymptotic notation has no determinate value
Integer Relation,Integer Relation,(general),serial,1979.0,Ferguson–Forcade algorithm,$O(n^3)$,n,raw:number real numbers find integer relation,number real numbers find integer relation,True,kept
Integer Relation,Integer Relation,(general),serial,1982.0,LLL algorithm,$O(n^4)$,n,raw:number real numbers find integer relation,number real numbers find integer relation,True,kept
Integer Relation,Integer Relation,(general),serial,1986.0,HJLS algorithm,$O(n^3(n+k))$,,,number real numbers find integer relation,False,"measured in dimensions, relation size parameter, but this family is compared in number real numbers find integer relation"
Integer Relation,Integer Relation,(general),serial,1988.0,PSOS algorithm,$O(n^3)$,n,raw:number real numbers find integer relation,number real numbers find integer relation,True,kept
Integer Relation,Integer Relation,(general),serial,1992.0,PSLQ algorithm,$O(n^3)$,n,raw:number real numbers find integer relation,number real numbers find integer relation,True,kept
Integral Equations,Volterra Equations,volterra equations,quantum,2022.0,Quantum Wavelet Matrix Operations,O(\text{poly}(\log N)),,,an undefined parameter,False,"approximation algorithm, not comparable to an exact runtime"
Integral Equations,Fredholm Equations,fredholm equations,quantum,2026.0,Hierarchically Low Rank Compression QLSP,\tilde{O}(\kappa \text{polylog}(N/\epsilon)),,,an undefined parameter,False,"approximation algorithm, not comparable to an exact runtime"
Integral Equations,,(general),serial,1800.0,Naive Implementation,$O(2^n)$,,,an undefined parameter,False,year missing or outside 1950-2026
Interval Scheduling,"Preemptive Scheduling on Many Machines, Minimize C_max","preemptive scheduling on many machines, minimize c_max",parallel,1988.0,Martel,$O(n(\log n + (\log k)^3))$,,,number tasks intervals,False,"also depends on 'k' (number machines resources), which has no worst-case bound in terms of number tasks intervals"
Interval Scheduling,"Preemptive Scheduling on Many Machines, Minimize Lateness","preemptive scheduling on many machines, minimize lateness",parallel,1988.0,Rodger,$O(n \log n)$,n,raw:number tasks intervals,number tasks intervals,True,kept
Interval Scheduling,Weighted Activity Selection Problem,weighted activity selection problem,serial,1940.0,Brute force algorithm,$O(2^n)$,,,number tasks intervals,False,year missing or outside 1950-2026
Interval Scheduling,"Unweighted Interval Scheduling, Online","unweighted interval scheduling, online",serial,1940.0,Fixed priority shortest job first,$O(n \log n)$,,,number tasks intervals,False,year missing or outside 1950-2026
Interval Scheduling,"Unweighted Interval Scheduling, Online","unweighted interval scheduling, online",serial,1940.0,Priority scheduling,$O(n)$,,,number tasks intervals,False,year missing or outside 1950-2026
Interval Scheduling,"Unweighted Interval Scheduling, Online","unweighted interval scheduling, online",serial,1940.0,Shortest remaining time first,$O(n)$,,,number tasks intervals,False,year missing or outside 1950-2026
Interval Scheduling,"Unweighted Interval Scheduling, Online","unweighted interval scheduling, online",serial,1940.0,"First come, first served",$O(n)$,,,number tasks intervals,False,year missing or outside 1950-2026
Interval Scheduling,"Unweighted Interval Scheduling, Online","unweighted interval scheduling, online",serial,1940.0,Round-robin scheduling,$O(n)$,,,number tasks intervals,False,year missing or outside 1950-2026
Interval Scheduling,"Unweighted Interval Scheduling, Online","unweighted interval scheduling, online",serial,1940.0,Multilevel queue scheduling,$O(n)$,,,number tasks intervals,False,year missing or outside 1950-2026
Interval Scheduling,Weighted Activity Selection Problem,weighted activity selection problem,serial,1953.0,$O(n^3)$ Dynamic Programming,$O(n^3)$,n,raw:number tasks intervals,number tasks intervals,True,kept
Interval Scheduling,Weighted Activity Selection Problem,weighted activity selection problem,serial,1953.0,$O(n^2)$ Dynamic Programming,$O(n^2)$,n,raw:number tasks intervals,number tasks intervals,True,kept
Interval Scheduling,Weighted Activity Selection Problem,weighted activity selection problem,serial,1953.0,$O(n\log n)$ Dynamic Programming,$O(n \log n)$,n,raw:number tasks intervals,number tasks intervals,True,kept
Joins,,(general),serial,1960.0,Nested loop join,$O(nm)$,,,an undefined parameter,False,family has no usable input-size parameter
Joins,,(general),serial,1960.0,Sort merge join,$O(n \log n + m \log m)$,,,an undefined parameter,False,family has no usable input-size parameter
Joins,,(general),serial,1960.0,Hash join,$O(n+m)$,,,an undefined parameter,False,family has no usable input-size parameter
Key Distribution,Quantum Key Distribution,quantum key distribution,quantum,1984.0,BB84,,,,an undefined parameter,False,formula not usable: no formula recorded
Key Distribution,Quantum Key Distribution,quantum key distribution,quantum,1991.0,E91,,,,an undefined parameter,False,formula not usable: no formula recorded
Key Distribution,Quantum Key Distribution,quantum key distribution,quantum,1992.0,BBM92,,,,an undefined parameter,False,formula not usable: no formula recorded
Key Distribution,Quantum Key Distribution,quantum key distribution,quantum,1992.0,B92,,,,an undefined parameter,False,formula not usable: no formula recorded
Key Distribution,Quantum Key Distribution,quantum key distribution,quantum,1996.0,MSZ96,,,,an undefined parameter,False,formula not usable: no formula recorded
Key Distribution,Quantum Key Distribution,quantum key distribution,quantum,1998.0,SSP,,,,an undefined parameter,False,formula not usable: no formula recorded
Key Distribution,Quantum Key Distribution,quantum key distribution,quantum,2002.0,DPS,,,,an undefined parameter,False,formula not usable: no formula recorded
Key Distribution,Quantum Key Distribution,quantum key distribution,quantum,2003.0,Decoy State,,,,an undefined parameter,False,formula not usable: no formula recorded
Key Distribution,Quantum Key Distribution,quantum key distribution,quantum,2004.0,SARG04,,,,an undefined parameter,False,formula not usable: no formula recorded
Key Distribution,Quantum Key Distribution,quantum key distribution,quantum,2005.0,COW,,,,an undefined parameter,False,formula not usable: no formula recorded
Key Distribution,Quantum Key Distribution,quantum key distribution,quantum,2006.0,Three-Stage,,,,an undefined parameter,False,formula not usable: no formula recorded
Key Distribution,Quantum Key Distribution,quantum key distribution,quantum,2009.0,KBM09,,,,an undefined parameter,False,formula not usable: no formula recorded
Key Distribution,Quantum Key Distribution,quantum key distribution,quantum,2013.0,T12,,,,an undefined parameter,False,formula not usable: no formula recorded
Key Exchange,Key Exchange,(general),serial,1978.0,Diffie–Hellman key exchange,$O(n\cdot \text{mult}(n))$,,,an undefined parameter,False,"formula depends on too many parameters (l, m, n, t, u)"
Key Exchange,Key Exchange,(general),serial,2006.0,Elliptic-curve Diffie-Hellman (ECDH),$O(n^2\text{mult}(n))$,,,an undefined parameter,False,"formula depends on too many parameters (l, m, n, t, u)"
Kth Order Statistic,kth Order Statistic,(general),parallel,1983.0,Akl,$O(n)$,n,elements,elements in the input,True,kept
Kth Order Statistic,kth Order Statistic,(general),parallel,1983.0,Vishkin,$O(n)$,n,elements,elements in the input,True,kept
Kth Order Statistic,kth Order Statistic,(general),parallel,1986.0,"Cole, Vishkin",$O(n)$,n,elements,elements in the input,True,kept
Kth Order Statistic,kth Order Statistic,(general),serial,1940.0,Naive Selection,$O(n \log n)$,,,elements in the input,False,year missing or outside 1950-2026
Kth Order Statistic,kth Order Statistic,(general),serial,1940.0,Hashing,$O(n)$,,,elements in the input,False,year missing or outside 1950-2026
Kth Order Statistic,kth Order Statistic,(general),serial,1961.0,Hoare's Selection Algorithm (QuickSelect),$O(n^2)$,n,elements,elements in the input,True,kept
LU Decomposition,Square Matrix LU Decomposition,square matrix lu decomposition,parallel,1988.0,van de Vorst (grids) (1),$O(n^2.5) + O(n^2.5) comm$,,,matrix dimension,False,formula not usable: nested asymptotic notation has no determinate value
LU Decomposition,Square Matrix LU Decomposition,square matrix lu decomposition,parallel,1988.0,van de Vorst (blocks) (2),$O(n^3) + O(n^2.5) comm$,,,matrix dimension,False,formula not usable: nested asymptotic notation has no determinate value
LU Decomposition,,(general),parallel,1993.0,Lüpke,$O(n^3)$,,,matrix dimension,False,cannot tell what n means (no definition given and the family is inconsistent)
LU Decomposition,Square Matrix LU Decomposition,square matrix lu decomposition,parallel,1996.0,"Lee, Lee",$O(n^3)$,,,matrix dimension,False,cannot tell what n means (no definition given and the family is inconsistent)
LU Decomposition,Dense Matrix LU Decomposition,dense matrix lu decomposition,parallel,1997.0,"Liu, Cheung",$O(n^3)$,,,matrix dimension,False,cannot tell what n means (no definition given and the family is inconsistent)
LU Decomposition,Square Matrix LU Decomposition,square matrix lu decomposition,parallel,2011.0,"Solomonik, Demmel (Classical 2.5D)",$O(n^3)$,,,matrix dimension,False,cannot tell what n means (no definition given and the family is inconsistent)
LU Decomposition,,(general),quantum,2025.0,Online Gaussian elimination for quantum LDPC decoding,n^3,,,matrix dimension,False,"measured in number qubits, but this family is compared in matrix dimension"
LU Decomposition,Square Matrix LU Decomposition,square matrix lu decomposition,serial,1878.0,Doolittle Algorithm,$O(n^3)$,,,matrix dimension,False,year missing or outside 1950-2026
LU Decomposition,Square Matrix LU Decomposition,square matrix lu decomposition,serial,1941.0,Crout algorithm,$O(n^3)$,,,matrix dimension,False,year missing or outside 1950-2026
LU Decomposition,Square Matrix LU Decomposition,square matrix lu decomposition,serial,1974.0,Bunch; Hopcroft,$O(n^{2.376})$,n,matrix_dim,matrix dimension,True,kept
LU Decomposition,Square Matrix LU Decomposition,square matrix lu decomposition,serial,1975.0,Closed formula,$O(n^6)$,n,matrix_dim,matrix dimension,True,kept
LU Decomposition,Square Matrix LU Decomposition,square matrix lu decomposition,serial,1997.0,Okunev; Johnson,$O(n^3)$,,,matrix dimension,False,does not solve the problem exactly
LU Decomposition,Square Matrix LU Decomposition,square matrix lu decomposition,serial,2007.0,"Press, Teukolsky, Flannery",$O(n^3)$,n,matrix_dim,matrix dimension,True,kept
LU Decomposition,Rectangular Matrix LU Decomposition,rectangular matrix lu decomposition,serial,2016.0,Randomized LU Decomposition,$O(n^3)$,,,matrix dimension,False,"approximation algorithm, not comparable to an exact runtime"
Line Clipping,Rectangular Window,rectangular window,serial,1967.0,Cohen–Sutherland,$O(n)$,n,raw:number lines,number lines,True,kept
Line Clipping,Convex Polygonal Window; Convex Polyhedral window,convex polygonal window; convex polyhedral window,serial,1978.0,Cyrus–Beck,$O(np)$,,,number lines,False,"also depends on 'p' (edges in the graph), which has no worst-case bound in terms of number lines"
Line Clipping,Rectangular Window,rectangular window,serial,1984.0,Liang–Barsky,$O(n)$,n,raw:number lines,number lines,True,kept
Line Clipping,Rectangular Window,rectangular window,serial,1987.0,Nicholl–Lee–Nicholl,$O(n)$,n,raw:number lines,number lines,True,kept
Line Clipping,Rectangular Window,rectangular window,serial,1987.0,Fast clipping,$O(n)$,n,raw:number lines,number lines,True,kept
Line Clipping,convex polygonal window,convex polygonal window,serial,1994.0,O(lg N) algorithm,$O(n \log p)$,,,number lines,False,"also depends on 'p' (edges in the graph), which has no worst-case bound in terms of number lines"
Line Drawing,Single Line Drawing,single line drawing,parallel,1990.0,Pang,$O(n)$,n,raw:number pixels line goes through,number pixels line goes through,True,kept
Line Drawing,Single Line Drawing,single line drawing,parallel,1990.0,Wright,$O(n)$,n,raw:number pixels line goes through,number pixels line goes through,True,kept
Line Drawing,Single Line Drawing,single line drawing,parallel,1992.0,"Graham, Iyengar, Zheng",$O(n)$,n,raw:number pixels line goes through,number pixels line goes through,True,kept
Line Drawing,Line Drawing,(general),serial,1940.0,Naive algorithm,$O(n)$,,,number pixels line goes through,False,year missing or outside 1950-2026
Line Drawing,Line Drawing,(general),serial,1940.0,Digital Differential Analyzer,$O(n)$,,,number pixels line goes through,False,year missing or outside 1950-2026
Line Drawing,Line Drawing,(general),serial,1965.0,Bresenham's line algorithm,$O(n)$,n,raw:number pixels line goes through,number pixels line goes through,True,kept
Line Drawing,Line Drawing,(general),serial,1981.0,Gupta-Sproull algorithm,$O(n)$,n,raw:number pixels line goes through,number pixels line goes through,True,kept
Line Drawing,Line Drawing,(general),serial,1991.0,Xiaolin Wu's line algorithm,$O(n)$,n,raw:number pixels line goes through,number pixels line goes through,True,kept
Line Segment Intersection,Intersection detection (whether there exists an intersection),intersection detection (whether there exists an intersection),parallel,1986.0,"Atallah, Goodrich (1)",$O(n(\log n)^2)$,n,segments,line segments,True,kept
Line Segment Intersection,Intersection detection (whether there exists an intersection),intersection detection (whether there exists an intersection),parallel,1986.0,"Atallah, Goodrich (2)",$O(n \log n \log \log n)$,n,segments,line segments,True,kept
Line Segment Intersection,Intersection detection (whether there exists an intersection),intersection detection (whether there exists an intersection),parallel,1988.0,"Aggarwal, Chazelle, Guibas, Ó'Dúnlaing, Yap",$O(n(\log n)^2)$,n,segments,line segments,True,kept
Line Segment Intersection,"Reporting all intersection points, line segments","reporting all intersection points, line segments",parallel,1989.0,Goodrich,$O(n\log^2(n) + k\log(n))$,,,line segments,False,"also depends on 'k' (input points), which has no worst-case bound in terms of line segments"
Line Segment Intersection,Intersection detection (whether there exists an intersection),intersection detection (whether there exists an intersection),parallel,1989.0,"Atallah, Cole, Goodrich",$O(n \log n)$,n,segments,line segments,True,kept
Line Segment Intersection,"Reporting all intersection points, line segments","reporting all intersection points, line segments",parallel,1992.0,"Reif, Sen (implicit)",$O(n^2)$,n,segments,line segments,True,kept
Line Segment Intersection,"Reporting all intersection points, line segments","reporting all intersection points, line segments",parallel,1992.0,Rüb,$O((n+k) \log n \log \log n)$,,,line segments,False,"also depends on 'k' (input points), which has no worst-case bound in terms of line segments"
Line Segment Intersection,"Reporting all intersection points, line segments","reporting all intersection points, line segments",serial,1940.0,Naive,$O(n^2)$,,,line segments,False,year missing or outside 1950-2026
Line Segment Intersection,"Reporting all intersection points, line segments","reporting all intersection points, line segments",serial,1979.0,Bentley–Ottmann algorithm,$O(n \log n + k \log n)$,,,line segments,False,"also depends on 'k' (input points), which has no worst-case bound in terms of line segments"
Line Segment Intersection,"Reporting all intersection points, convex polygons","reporting all intersection points, convex polygons",serial,1982.0,NIEVERGELT. J.. AND PREPARATA (Section 3),$O(n \log n + k)$,,,line segments,False,"also depends on 'k' (input points), which has no worst-case bound in terms of line segments"
Line Segment Intersection,"Reporting all intersection points, line segments","reporting all intersection points, line segments",serial,1986.0,CHAZELLE,$O(n\log^2(n)/(\log \log n) + k)$,,,line segments,False,"also depends on 'k' (input points), which has no worst-case bound in terms of line segments"
Line Segment Intersection,"Reporting all intersection points, line segments","reporting all intersection points, line segments",serial,1992.0,Chazelle & Edelsbrunner,$O(n \log n + k)$,,,line segments,False,"also depends on 'k' (input points), which has no worst-case bound in terms of line segments"
Line Segment Intersection,"Reporting all intersection points, generalized segments","reporting all intersection points, generalized segments",serial,1995.0,Balaban.,$O(n \log n + k)$,,,line segments,False,"also depends on 'k' (input points), which has no worst-case bound in terms of line segments"
Line Segment Intersection,"Reporting all intersection points, generalized segments","reporting all intersection points, generalized segments",serial,1997.0,Jean-Daniel Boissonnat and Franco P. Preparata.,$O((n+k) \log n)$,,,line segments,False,"also depends on 'k' (input points), which has no worst-case bound in terms of line segments"
Line Segment Intersection,"Reporting all intersection points, generalized segments","reporting all intersection points, generalized segments",serial,1999.0,Boissonnat; Snoeyink,$O(n \log n + k)$,,,line segments,False,"also depends on 'k' (input points), which has no worst-case bound in terms of line segments"
Line Simplification,,(general),serial,1969.0,Lang simplification,$O(n)$,n,points,input points,True,kept
Line Simplification,,(general),serial,1972.0,Ramer–Douglas–Peucker algorithm,$O(n^2)$,n,points,input points,True,kept
Line Simplification,,(general),serial,1974.0,Reumann–Witkam,$O(n)$,n,points,input points,True,kept
Line Simplification,,(general),serial,1981.0,Opheim simplification,$O(n)$,n,points,input points,True,kept
Line Simplification,,(general),serial,1993.0,Visvalingam–Whyatt,$O(n^2)$,n,points,input points,True,kept
Line Simplification,,(general),serial,1997.0,Zhao-Saalfeld,$O(n)$,n,points,input points,True,kept
Linear Programming,General Linear Programming,general linear programming,parallel,1982.0,Kamdoum,$O(nd*2^d)$,,,an undefined parameter,False,family has no usable input-size parameter
Linear Programming,General Linear Programming,general linear programming,parallel,1990.0,Vaidya,$O(((nd)^(1/4)(\log n)^3 L)(n^3 + d^(omega-1)n))$,,,an undefined parameter,False,"formula depends on too many parameters (L, d, n, omega)"
Linear Programming,General Linear Programming,general linear programming,parallel,1990.0,Alon & Megiddo,$O(d^3 n)$,,,an undefined parameter,False,family has no usable input-size parameter
Linear Programming,General Linear Programming,general linear programming,parallel,1993.0,Dyer,$O((n \log n)(\log \log n)^(d-1))$,,,an undefined parameter,False,family has no usable input-size parameter
Linear Programming,General Linear Programming,general linear programming,parallel,1996.0,Ajtai & Megiddo,$O(n(\log \log n)^d)$,,,an undefined parameter,False,family has no usable input-size parameter
Linear Programming,0-1 Linear Programming,0-1 linear programming,quantum,2002.0,"Arvind, Schuler",O(2^(n/3)*n^d),,,an undefined parameter,False,family has no usable input-size parameter
Linear Programming,General Linear Programming,general linear programming,quantum,2020.0,"Casares, Delgado",O(L*sqrt(n)*(n+m)*kappa*norm(A)*\epsilon^-2),,,an undefined parameter,False,"formula depends on too many parameters (A, L, epsilon, kappa, m, n, o, r)"
Linear Programming,,(general),serial,1940.0,Fourier–Motzkin elimination,$O((m/4)^{2^n})$,,,an undefined parameter,False,year missing or outside 1950-2026
Linear Programming,,(general),serial,1947.0,Simplex Algorithm,"$O(2^n \text{poly}(n, m))$",,,an undefined parameter,False,year missing or outside 1950-2026
Linear Programming,,(general),serial,1967.0,Affine scaling,? (originally $O(n^{3.5} L)$ but seems unclear),,,an undefined parameter,False,family has no usable input-size parameter
Linear Programming,,(general),serial,1979.0,Khachiyan Ellipsoid algorithm,$O(n^6 L^2 \log L \log\log L)$,,,an undefined parameter,False,family has no usable input-size parameter
Linear Programming,,(general),serial,1984.0,Karmarkar's algorithm,$O(n^{3.5} L^2 \log L \log \log L)$,,,an undefined parameter,False,family has no usable input-size parameter
Linear Programming,,(general),serial,1985.0,Terlaky's Criss-cross algorithm,"$O(2^n \text{poly}(n, m))$",,,an undefined parameter,False,formula not usable: poly(...) has no determinate exponent
Linear Programming,,(general),serial,2015.0,Lee and Sidford,$O((nnz(A) + n^2) n^{0.5})$,,,an undefined parameter,False,family has no usable input-size parameter
Linear Programming,,(general),serial,2018.0,Cohen; Lee and Song,"$O(n^{\max(\omega, 2.5-\alpha/2, 13/6)} \text{polylog}(n, m, L))$;
currently $O(n^{2.37285956})$",,,an undefined parameter,False,formula not usable: polylog(...) has no determinate exponent
Linear System,General Linear System,general linear system,parallel,1975.0,Csanky,$n^4 * \log^2 n$,,,variables,False,cannot tell what n means (no definition given and the family is inconsistent)
Linear System,General Linear System,general linear system,parallel,1978.0,"Sameh, Kuck (1)",$O(n^3)$,,,variables,False,cannot tell what n means (no definition given and the family is inconsistent)
Linear System,General Linear System,general linear system,parallel,1987.0,"Cosnard, Robert, Trystram (Jordan method)",$O(n^3)$,,,variables,False,cannot tell what n means (no definition given and the family is inconsistent)
Linear System,General Linear System,general linear system,parallel,1987.0,"Cosnard, Robert, Trystram (Huard method)",$O(n^3)$,,,variables,False,cannot tell what n means (no definition given and the family is inconsistent)
Linear System,General Linear System,general linear system,parallel,1991.0,"Bader, Gehrke",$O(n^3)$,,,variables,False,cannot tell what n means (no definition given and the family is inconsistent)
Linear System,General Linear System,general linear system,parallel,1992.0,"Kaltofen, Pan",$O(\\log^6{n}*n^2.3755)$,,,variables,False,cannot tell what n means (no definition given and the family is inconsistent)
Linear System,Sparse Quantum Linear System,sparse quantum linear system,quantum,2009.0,Harrow (Quantum),$O(k^2*\log n)$,,,variables,False,"also depends on 'k' (condition number), which has no worst-case bound in terms of variables"
Linear System,Sparse Quantum Linear System,sparse quantum linear system,quantum,2010.0,Ambainis,O(k log(k)^3 log(n)),,,variables,False,"approximation algorithm, not comparable to an exact runtime"
Linear System,Sparse Quantum Linear System,sparse quantum linear system,quantum,2017.0,Quantum Algorithm for Systems of Linear Equations with Exponentiall...,"O(poly(log(n), log(1/eps), d, 1/k))",,,variables,False,formula not usable: poly(...) has no determinate exponent
Linear System,Bounded Norm Quantum Linear System,bounded norm quantum linear system,quantum,2018.0,"Wossnig, Zhao, Prakash",O(k^2 sqrt(n) poly(log(n)) / eps),,,variables,False,"approximation algorithm, not comparable to an exact runtime"
Linear System,Toeplitz Quantum Linear System,toeplitz quantum linear system,quantum,2018.0,"Wan, Yu, Pan, Gao, Wen, Qin",,,,variables,False,formula not usable: no formula recorded
Linear System,Sparse Quantum Linear System,sparse quantum linear system,quantum,2019.0,Quantum Algorithms for Systems of Linear Equations Inspired by Adia...,O(k log(k) / eps),,,variables,False,"approximation algorithm, not comparable to an exact runtime"
Linear System,Sparsity-independent Quantum Linear Solver,sparsity-independent quantum linear solver,quantum,2022.0,"Li, Zhang, Liu, Liu, Dai",O(poly(log(mn)) * k^2 * \sqrt(r) / \epsilon)),,,variables,False,formula not usable: poly(...) has no determinate exponent
Linear System,"General Linear System; Positive Definite, Hermitian Matrix; Non-Definite, Symmetric Matrix; Toeplitz Matrix; Vandermonde Matrix","general linear system; non-definite, symmetric matrix; positive definite, hermitian matrix; toeplitz matrix; vandermonde matrix",serial,-150.0,Gaussian-Jordan Elimination,$O(n^3)$,,,variables,False,year missing or outside 1950-2026
Linear System,"Positive Definite, Hermitian Matrix","positive definite, hermitian matrix",serial,1940.0,Cholesky,$O(n^3)$,,,variables,False,year missing or outside 1950-2026
Linear System,Toeplitz Matrix,toeplitz matrix,serial,1947.0,Levinson–Durbin recursion,$O(n^2)$,,,variables,False,year missing or outside 1950-2026
Linear System,Toeplitz Matrix,toeplitz matrix,serial,1969.0,Bareiss Algorithm,$O(n^2)$,n,variables,variables,True,kept
Linear System,Vandermonde Matrix,vandermonde matrix,serial,1970.0,Bjorck-Pereyra,$O(n^2)$,n,variables,variables,True,kept
Linear System,"Non-Definite, Symmetric Matrix","non-definite, symmetric matrix",serial,1971.0,Aasen's method,$O(n^3)$,n,variables,variables,True,kept
Link Analysis,Personalized PageRank,personalized pagerank,parallel,2017.0,Guo et al.,$O(hn)$,,,number pages,False,"measured in vertices in the graph, but this family is compared in number pages"
Link Analysis,InDegree Analysis,indegree analysis,serial,1997.0,The INDEGREE Algorithm,$O(mn)$,,,number pages,False,"also depends on 'm' (number hyperlinks), which has no worst-case bound in terms of number pages"
Link Analysis,Link Analysis,(general),serial,1998.0,The PAGERANK Algorithm,$O(n^3)$?,n,raw:number pages,number pages,True,kept
Link Analysis,Link Analysis,(general),serial,1998.0,The (Hyperlink-Induced Topic Search) HITS Algorithm,$O(n^2 k)$,,,number pages,False,"also depends on 'k' (number iterations), which has no worst-case bound in terms of number pages"
Link Analysis,Link Analysis,(general),serial,2000.0,The (Stochastic Approach for Link Structure Analysis) SALSA Algorithm,$O(m^2 n)$,,,number pages,False,"also depends on 'm' (number hyperlinks), which has no worst-case bound in terms of number pages"
Link Analysis,Link Analysis,(general),serial,2000.0,PHITS Coheng Chan,$O(mn)$,,,number pages,False,"also depends on 'm' (number hyperlinks), which has no worst-case bound in terms of number pages"
Link Analysis,Link Analysis,(general),serial,2001.0,Randomized HITS,$O(mn \log n)$,,,number pages,False,"also depends on 'm' (number hyperlinks), which has no worst-case bound in terms of number pages"
Link Analysis,Link Analysis,(general),serial,2001.0,Achlioptas,$O(mn)$,,,number pages,False,"also depends on 'm' (number operations per page), which has no worst-case bound in terms of number pages"
Link Analysis,Link Analysis,(general),serial,2002.0,Haveliwala,$O(mn)$,,,number pages,False,"also depends on 'm' (number hyperlinks), which has no worst-case bound in terms of number pages"
Link Analysis,Link Analysis,(general),serial,2002.0,Richardson and Domingos,$O(mn)$,,,number pages,False,"also depends on 'm' (number hyperlinks), which has no worst-case bound in terms of number pages"
Link Analysis,Link Analysis,(general),serial,2003.0,Jeh and Widom,$O(mn)$,,,number pages,False,"also depends on 'm' (number hyperlinks), which has no worst-case bound in terms of number pages"
Link Analysis,Link Analysis,(general),serial,2003.0,Tomlin,$O(mn)$,,,number pages,False,"also depends on 'm' (number operations per page), which has no worst-case bound in terms of number pages"
Logarithm Calculations,computing discrete logarithms in the finite field GF(p),computing discrete logarithms in the finite field gf(p),parallel,1994.0,Sorenson,$exp[O(n/\log^d n)]$,,,number digits bits order finite group,False,formula not usable: nested asymptotic notation has no determinate value
Logarithm Calculations,Logarithm Calculations,(general),quantum,2017.0,Ekera-Hastad,,,,number digits bits order finite group,False,formula not usable: no formula recorded
Logarithm Calculations,Logarithm Calculations,(general),quantum,2024.0,Quantum Complexity for Discrete Logarithms and Related Problems,Omega(n),,,number digits bits order finite group,False,"formula not usable: Big-Omega is a lower bound, not a runtime"
Logarithm Calculations,"Discrete Logarithm Over Finite Fields, F_q","discrete logarithm over finite fields, f_q",serial,1922.0,Index calculus algorithm,$O(e^{\sqrt{2n\log n}})$,,,number digits bits order finite group,False,year missing or outside 1950-2026
Logarithm Calculations,Discrete Logarithm Over Finite Fields,discrete logarithm over finite fields,serial,1940.0,Trial Multiplication,$O(2^n)$,,,number digits bits order finite group,False,year missing or outside 1950-2026
Logarithm Calculations,Discrete Logarithm Over Finite Fields,discrete logarithm over finite fields,serial,1971.0,Baby-step Giant-step,$O(2^{\sqrt{n}})$,n,raw:number digits bits order finite group,number digits bits order finite group,True,kept
Logarithm Calculations,Discrete Logarithm Over Finite Fields,discrete logarithm over finite fields,serial,1978.0,Pohlig-Hellman,$O(2^{\sqrt{n}})$,n,raw:number digits bits order finite group,number digits bits order finite group,True,kept
Logarithm Calculations,Discrete Logarithm Over Finite Fields,discrete logarithm over finite fields,serial,1978.0,Pollard's rho algorithm,$O(2^{n/2})$,n,raw:number digits bits order finite group,number digits bits order finite group,True,kept
Logarithm Calculations,Discrete Logarithm Over Finite Fields,discrete logarithm over finite fields,serial,1978.0,Pollard's kangaroo algorithm,$O(2^n)$,n,raw:number digits bits order finite group,number digits bits order finite group,True,kept
Logarithm Calculations,Discrete Logarithm Over Finite Fields,discrete logarithm over finite fields,serial,1990.0,Number Field Sieve (NFS),"$O(\exp((1+o(1))(64n/9)^{1/3}(\log n)^{2/3}))$, under assumption about numbers in a sequence behaving randomly in a given range",n,raw:number digits bits order finite group,number digits bits order finite group,True,kept
Logarithm Calculations,Discrete Logarithm Over Finite Fields,discrete logarithm over finite fields,serial,1999.0,Function Field Sieve (FFS),"$O(\exp((1+o(1))(32n/9)^{1/3}(\log n)^{2/3}))$, under assumption about numbers in a sequence behaving randomly in a given range",n,raw:number digits bits order finite group,number digits bits order finite group,True,kept
Longest Common Subsequence,LCS,lcs,parallel,1984.0,"Hsu, Du",$O(n \log s + pm \log(n/m) + pm)$,,,number identical character pairs lcs x y length lcs x y,False,"formula depends on too many parameters (m, n, p, s)"
Longest Common Subsequence,LCS,lcs,parallel,1988.0,Aggarwal & Park,$O(mn \log n)$,,,number identical character pairs lcs x y length lcs x y,False,"measured in length of the longer string, length of the shorter string, but this family is compared in number identical character pairs lcs x y length lcs x y"
Longest Common Subsequence,LCS,lcs,parallel,1988.0,Mathies,$O(mn \log m \log n)$,,,number identical character pairs lcs x y length lcs x y,False,"measured in length of the longer string, length of the shorter string, but this family is compared in number identical character pairs lcs x y length lcs x y"
Longest Common Subsequence,LCS,lcs,parallel,1990.0,"Apostolico, Atallah, Larmore, McFaddin (1)",$O(mn \log n)$,,,number identical character pairs lcs x y length lcs x y,False,"measured in length of the longer string, length of the shorter string, but this family is compared in number identical character pairs lcs x y length lcs x y"
Longest Common Subsequence,LCS,lcs,parallel,1990.0,"Apostolico, Atallah, Larmore, McFaddin (2)",$O(mn \log n \log \log m)$,,,number identical character pairs lcs x y length lcs x y,False,"measured in length of the longer string, length of the shorter string, but this family is compared in number identical character pairs lcs x y length lcs x y"
Longest Common Subsequence,LCS,lcs,parallel,1990.0,"Galper, Brutlag (synchronous Row Wavefront approach) (1)",$O(mn)$,,,number identical character pairs lcs x y length lcs x y,False,cannot tell what n means (no definition given and the family is inconsistent)
Longest Common Subsequence,LCS,lcs,parallel,1990.0,"Galper, Brutlag (asynchronous Row Wavefront approach) (also asynch DWF) (2)",$O(mn+p^2)$,,,number identical character pairs lcs x y length lcs x y,False,cannot tell what n means (no definition given and the family is inconsistent)
Longest Common Subsequence,LCS,lcs,parallel,1990.0,"Galper, Brutlag (synchronous Diagonal Wavefront approach) (3)",$O(mn)$,,,number identical character pairs lcs x y length lcs x y,False,cannot tell what n means (no definition given and the family is inconsistent)
Longest Common Subsequence,LCS,lcs,parallel,1990.0,Lu,$O(r \log{\rho} \log^2{n}) + O((m+n)(\log m + \log n))$,,,number identical character pairs lcs x y length lcs x y,False,formula not usable: nested asymptotic notation has no determinate value
Longest Common Subsequence,LCS,lcs,parallel,1991.0,"Lin, Lu, Fang",$O(mn)$,,,number identical character pairs lcs x y length lcs x y,False,"measured in length of the longer string, length of the shorter string, but this family is compared in number identical character pairs lcs x y length lcs x y"
Longest Common Subsequence,LCS,lcs,parallel,1994.0,Lu & Lin (1),$O(mn (\log m + \log n/\log m))$,,,number identical character pairs lcs x y length lcs x y,False,cannot tell what n means (no definition given and the family is inconsistent)
Longest Common Subsequence,LCS,lcs,parallel,1994.0,Lu & Lin (2),$O(mn)$,,,number identical character pairs lcs x y length lcs x y,False,"measured in length of the longer string, length of the shorter string, but this family is compared in number identical character pairs lcs x y length lcs x y"
Longest Common Subsequence,LCS,lcs,parallel,1997.0,"Babu, Saxena (1)",$O(mn \log m)$,,,number identical character pairs lcs x y length lcs x y,False,"measured in length of the longer string, length of the shorter string, but this family is compared in number identical character pairs lcs x y length lcs x y"
Longest Common Subsequence,LCS,lcs,parallel,1997.0,"Babu, Saxena (2)",$O(mn)$,,,number identical character pairs lcs x y length lcs x y,False,"measured in length of the longer string, length of the shorter string, but this family is compared in number identical character pairs lcs x y length lcs x y"
Longest Common Subsequence,ALCS; LCS,alcs; lcs,parallel,2003.0,"Alves, Cáceres, Song",$O(mn)$,,,number identical character pairs lcs x y length lcs x y,False,cannot tell what n means (no definition given and the family is inconsistent)
Longest Common Subsequence,ALCS,alcs,parallel,2005.0,Tiskin,$O(mn)$,,,number identical character pairs lcs x y length lcs x y,False,cannot tell what n means (no definition given and the family is inconsistent)
Longest Common Subsequence,LCS,lcs,parallel,2006.0,"Chen, Wan, Liu",$O(L)$,,,number identical character pairs lcs x y length lcs x y,False,"measured in number identical char pairs, but this family is compared in number identical character pairs lcs x y length lcs x y"
Longest Common Subsequence,LLCS; LCS,lcs; llcs,parallel,2006.0,"Krusche, Tiskin (dynamic programming)",$O(n^2 · ( f + g/b + l/b^2))$,,,number identical character pairs lcs x y length lcs x y,False,"formula depends on too many parameters (b, f, g, l, n, ·)"
Longest Common Subsequence,LCS,lcs,parallel,2006.0,"Liu, Chen, Chen, Qin",$O(L)$,L,raw:number identical character pairs lcs x y length lcs x y,number identical character pairs lcs x y length lcs x y,True,kept
Longest Common Subsequence,LCS,lcs,parallel,2008.0,"Liu, Chen",$O(L)$,L,raw:number identical character pairs lcs x y length lcs x y,number identical character pairs lcs x y length lcs x y,True,kept
Longest Common Subsequence,MLCS,mlcs,parallel,2008.0,"Wang, Korkin, Shang",$O((1+1/(|\Sigma| \\log^{d-2}{n}))(n \|\Sigma| d + |D| |\Sigma| d (\\log^{d-2}{n} + \\log^{d-2}{|\Sigma|}) + 4d|D|)$,,,number identical character pairs lcs x y length lcs x y,False,formula not usable: could not parse '(1+1/(| | log ^(d-2)*(n)))*(n \\| | d + |D| | | d*( log ^(d-2)*(n) + log ^(d-2)*(| |)) + 4d|D|)' (TokenError)
Longest Common Subsequence,LCS,lcs,parallel,2010.0,"Eswaran, RajaGopalan",$O(L)$,L,raw:number identical character pairs lcs x y length lcs x y,number identical character pairs lcs x y length lcs x y,True,kept
Longest Common Subsequence,LCS,lcs,parallel,2010.0,"Krusche, Tiskin",$O(n^2)$,,,number identical character pairs lcs x y length lcs x y,False,"measured in length both strings, but this family is compared in number identical character pairs lcs x y length lcs x y"
Longest Common Subsequence,SSCLCS,ssclcs,parallel,2022.0,"Tchendji, Tepiele, Onabid, Myoupo",$O(mnr+(m+n)|\sigma|)$,,,number identical character pairs lcs x y length lcs x y,False,formula not usable: could not parse 'mnr+(m+n)| sigma |' (SyntaxError)
Longest Common Subsequence,Longest Common Subsequence,(general),quantum,2020.0,"Le Gall, Seddighin",Õ(n^(5/6)),,,number identical character pairs lcs x y length lcs x y,False,"measured in input string length, but this family is compared in number identical character pairs lcs x y length lcs x y"
Longest Common Subsequence,Non-repetitive strings,non-repetitive strings,quantum,2020.0,"Le Gall, Seddighin",Õ(n^(3/4)),,,number identical character pairs lcs x y length lcs x y,False,"measured in input string length, but this family is compared in number identical character pairs lcs x y length lcs x y"
Longest Common Subsequence,Longest Common Subsequence,(general),quantum,2022.0,"Akmal, Jin",Õ(n^(2/3)),,,number identical character pairs lcs x y length lcs x y,False,"measured in input string length, but this family is compared in number identical character pairs lcs x y length lcs x y"
Longest Common Subsequence,LCS,lcs,serial,1974.0,Wagner and Fischer,$O(mn)$,,,number identical character pairs lcs x y length lcs x y,False,"measured in length of the longer string, lengths strings, but this family is compared in number identical character pairs lcs x y length lcs x y"
Longest Common Subsequence,LCS,lcs,serial,1977.0,Hunt and Szymanski,$O((n + p) \log n)$,,,number identical character pairs lcs x y length lcs x y,False,"measured in length of the longer string, number dominant matches aka number minimal candidates i e total number ordered pairs positions at which two sequences match, but this family is compared in number identical character pairs lcs x y length lcs x y"
Longest Common Subsequence,LCS,lcs,serial,1977.0,Hirschberg,$O(rn + n \log n)$,,,number identical character pairs lcs x y length lcs x y,False,"measured in length lcs, length of the longer string, but this family is compared in number identical character pairs lcs x y length lcs x y"
Longest Common Subsequence,LCS,lcs,serial,1980.0,Mukhopadhyay,$O((n + p) \log n)$,,,number identical character pairs lcs x y length lcs x y,False,"measured in length of the longer string, number dominant matches aka number minimal candidates i e total number ordered pairs positions at which two sequences match, but this family is compared in number identical character pairs lcs x y length lcs x y"
Longest Common Subsequence,LCS,lcs,serial,1982.0,Nakatsu et al.,$O(n(m-r))$,,,number identical character pairs lcs x y length lcs x y,False,"measured in length lcs, length of the longer string, length of the shorter string, but this family is compared in number identical character pairs lcs x y length lcs x y"
Longest Common Subsequence,LCS,lcs,serial,1984.0,Hsu and Du (Scheme 2),$O(rm \log(n/r) + rm)$,,,number identical character pairs lcs x y length lcs x y,False,"measured in length lcs, length of the longer string, length of the shorter string, but this family is compared in number identical character pairs lcs x y length lcs x y"
Longest Common Subsequence,LCS,lcs,serial,1984.0,Hsu and Du (Scheme 1),$O(rm \log(n/m) + rm)$,,,number identical character pairs lcs x y length lcs x y,False,"measured in length lcs, length of the longer string, length of the shorter string, but this family is compared in number identical character pairs lcs x y length lcs x y"
Longest Common Subsequence,LCS,lcs,serial,1985.0,Miller and Myers,$O(n(m-r))$,,,number identical character pairs lcs x y length lcs x y,False,"measured in length lcs, length of the longer string, length of the shorter string, but this family is compared in number identical character pairs lcs x y length lcs x y"
Longest Common Subsequence,LCS,lcs,serial,1987.0,Apostolico and Guerra (HS1 Algorithm),$O(m \log n +p \log(2mn/p))$,,,number identical character pairs lcs x y length lcs x y,False,"measured in length of the longer string, length of the shorter string, number dominant matches aka number minimal candidates i e total number ordered pairs positions at which two sequences match, but this family is compared in number identical character pairs lcs x y length lcs x y"
Longest Common Subsequence,LCS,lcs,serial,1987.0,Apostolico and Guerra (Algorithm 2),$O(rm + sn + n \log s)$,,,number identical character pairs lcs x y length lcs x y,False,"formula depends on too many parameters (m, n, r, s)"
Longest Common Subsequence,LCS,lcs,serial,1989.0,Kuo and Cross,$O(p + n(r+\log n))$,,,number identical character pairs lcs x y length lcs x y,False,"measured in length lcs, length of the longer string, number dominant matches aka number minimal candidates i e total number ordered pairs positions at which two sequences match, but this family is compared in number identical character pairs lcs x y length lcs x y"
Longest Common Subsequence,LCS,lcs,serial,1990.0,Wu et al.,$O(n(m-r))$,,,number identical character pairs lcs x y length lcs x y,False,"measured in length lcs, length of the longer string, length of the shorter string, but this family is compared in number identical character pairs lcs x y length lcs x y"
Longest Common Subsequence,LCS,lcs,serial,1991.0,Chin and Poon,"$O(sn + \min(sp, rm))$",,,number identical character pairs lcs x y length lcs x y,False,"formula depends on too many parameters (m, n, p, r, s)"
Longest Common Subsequence,LCS,lcs,serial,1995.0,Rick (Algorithm 2),"$O(sn + \min(r(n - r), rm))$",,,number identical character pairs lcs x y length lcs x y,False,"formula depends on too many parameters (m, n, r, s)"
Longest Common Subsequence,LCS,lcs,serial,1995.0,Rick (Section 4),"$O(sn + \min(sp, rm))$",,,number identical character pairs lcs x y length lcs x y,False,"formula depends on too many parameters (m, n, p, r, s)"
Longest Palindromic Substring,Longest Palindromic Substring,(general),serial,1940.0,Naive,$O(n^3)$,,,length string,False,year missing or outside 1950-2026
Longest Palindromic Substring,Longest Palindromic Substring,(general),serial,1953.0,Dynamic Programming,$O(n^2)$,n,raw:length string,length string,True,kept
Longest Palindromic Substring,Longest Palindromic Substring,(general),serial,1975.0,Manacher,$O(n)$,n,raw:length string,length string,True,kept
Longest Palindromic Substring,Longest Palindromic Substring,(general),serial,1994.0,Jeuring,$O(n)$,n,raw:length string,length string,True,kept
Longest Palindromic Substring,Longest Palindromic Substring,(general),serial,1997.0,Gusfield,$O(n)$,n,raw:length string,length string,True,kept
Longest Path Problem,longest path in DAG,longest path in dag,quantum,2019.0,Quantum Algorithm Dynamic Programming Approach,O(sqrt(nm)logn),n,vertices,vertices in the graph,True,kept; substituted worst-case edges in the graph for 'm'
Longest Path Problem,longest s-t path,longest s-t path,quantum,2021.0,QUBO Formulation for Longest Path Problem Order-based formulation,O(k^2*V+kV^2),,,vertices in the graph,False,does not solve the problem exactly
Longest Path Problem,longest s-t path,longest s-t path,quantum,2021.0,QUBO Formulation for Longest Path Problem Degree-based formulation,O(E*\delta*log^2(k),,,vertices in the graph,False,does not solve the problem exactly
Longest Path Problem,Longest Trail Problem,longest trail problem,quantum,2021.0,Khadiev and Kapralov,O(1.728^m),,,vertices in the graph,False,"measured in edges in the graph, but this family is compared in vertices in the graph"
Longest Path Problem,longest s-t path,longest s-t path,quantum,,Quantum Framework LPP,,,,vertices in the graph,False,does not solve the problem exactly
Longest Path Problem,Longest Path on Interval Graphs,longest path on interval graphs,serial,2011.0,Ioannidou; Kyriaki; Mertzios; George B.; Nikolopoulos; Stavros D.,$O(n^4)$,n,vertices,vertices in the graph,True,kept
Lowest Common Ancestor,Lowest Common Ancestors for vertex pairs of a directed tree,lowest common ancestors for vertex pairs of a directed tree,parallel,1984.0,"Tsin, Chin",$O(m \log n + n^2)$ ?,,,vertices in the graph,False,"also depends on 'm' (number total number op s queries links cuts), which has no worst-case bound in terms of vertices in the graph"
Lowest Common Ancestor,Lowest Common Ancestors for vertex pairs of a directed tree,lowest common ancestors for vertex pairs of a directed tree,parallel,1986.0,Tsin [Section 3],$O(n^2)$ ?,n,vertices,vertices in the graph,True,kept
Lowest Common Ancestor,Lowest Common Ancestors for vertex pairs of a directed tree,lowest common ancestors for vertex pairs of a directed tree,parallel,1986.0,Tsin [Section 4],$O(n^2)$ ?,n,vertices,vertices in the graph,True,kept
Lowest Common Ancestor,Lowest Common Ancestor with Static Trees,lowest common ancestor with static trees,parallel,1988.0,Schieber; Vishkin [Parallel],$O(m+n)$,,,vertices in the graph,False,"also depends on 'm' (number total number op s queries links cuts), which has no worst-case bound in terms of vertices in the graph"
Lowest Common Ancestor,Lowest Common Ancestor with Static Trees,lowest common ancestor with static trees,parallel,1990.0,"Berkman, Vishkin",$O(m + n)$,,,vertices in the graph,False,"also depends on 'm' (number total number op s queries links cuts), which has no worst-case bound in terms of vertices in the graph"
Lowest Common Ancestor,Single-Pair LCA,single-pair lca,parallel,1994.0,"Das, Halverson, Min",$O(n)$,n,vertices,vertices in the graph,True,kept
Lowest Common Ancestor,Lowest Common Ancestors with insertion and deletion of leaves,lowest common ancestors with insertion and deletion of leaves,parallel,1994.0,Schenk,$O(m + r)$ ?,,,vertices in the graph,False,"measured in number rounds, number total number op s queries links cuts, but this family is compared in vertices in the graph"
Lowest Common Ancestor,,(general),parallel,2012.0,Zhao et. al.,$O(n \log n)$,n,vertices,vertices in the graph,True,kept
Lowest Common Ancestor,All-Pairs LCA in DAGs,all-pairs lca in dags,quantum,2020.0,Quantum and Approximation Algorithms for Maximum Witnesses of Boole...,\tilde{O}(n^{2.434}),n,vertices,vertices in the graph,True,kept
Lowest Common Ancestor,Off-Line Lowest Common Ancestor,off-line lowest common ancestor,serial,1984.0,Tarjan's off-line lowest common ancestors algorithm,$O(n+m)$,,,vertices in the graph,False,"also depends on 'm' (number total number operations queries links cuts), which has no worst-case bound in terms of vertices in the graph"
Lowest Common Ancestor,Lowest Common Ancestor with Static Trees,lowest common ancestor with static trees,serial,1988.0,Schieber; Vishkin,$O(n+m)$,,,vertices in the graph,False,"also depends on 'm' (number total number operations queries links cuts), which has no worst-case bound in terms of vertices in the graph"
Lowest Common Ancestor,Lowest Common Ancestor with Static Trees,lowest common ancestor with static trees,serial,1993.0,Berkman; Vishkin,$O(n+m)$?,,,vertices in the graph,False,"also depends on 'm' (number total number operations queries links cuts), which has no worst-case bound in terms of vertices in the graph"
Lowest Common Ancestor,Lowest Common Ancestor with Static Trees,lowest common ancestor with static trees,serial,2000.0,Bender; Colton [LCA <=> RMQ],$O(n+m)$,,,vertices in the graph,False,"also depends on 'm' (number total number operations queries links cuts), which has no worst-case bound in terms of vertices in the graph"
Lowest Common Ancestor,Lowest Common Ancestor with Static Trees,lowest common ancestor with static trees,serial,2004.0,"Stephen Alstrup, Cyril Gavoille, Haim Kaplan & Theis Rauhe",$O(n+m)$,,,vertices in the graph,False,"also depends on 'm' (number total number operations queries links cuts), which has no worst-case bound in terms of vertices in the graph"
Matrix Chain Multiplication,MCOP,matrix chain ordering problem,parallel,1983.0,"Valiant, Skyum, Berkowitz, Rackoff [implicit]",$O(n^9 \log^2 n)$ ?,n,matrices,matrices in the chain,True,kept
Matrix Chain Multiplication,MCOP,matrix chain ordering problem,parallel,1988.0,Rytter,$O(n^6 \log n)$ ?,n,matrices,matrices in the chain,True,kept
Matrix Chain Multiplication,MCOP,matrix chain ordering problem,parallel,1990.0,"Huang, Liu, Viswanathan",$O(n^6/\log^3 n)$,n,matrices,matrices in the chain,True,kept
Matrix Chain Multiplication,MCOP,matrix chain ordering problem,parallel,1992.0,"Galil, Park",$O(n^3)$ ?,n,matrices,matrices in the chain,True,kept
Matrix Chain Multiplication,MCOP,matrix chain ordering problem,parallel,1992.0,"Bradford, Rawlins, Shannon",$O(n \log^3 n)$,n,matrices,matrices in the chain,True,kept
Matrix Chain Multiplication,Matrix Chain Scheduling Problem,matrix chain scheduling problem,parallel,1993.0,Czumaj,$O(n^2)$,n,matrices,matrices in the chain,True,kept
Matrix Chain Multiplication,MCOP,matrix chain ordering problem,parallel,1996.0,Prakesh Ramanan,$O(n\\log^4 n)$ ?,n,matrices,matrices in the chain,True,kept
Matrix Chain Multiplication,MCOP,matrix chain ordering problem,parallel,1998.0,"Bradford, Rawlins, Shannon (1)",$O(n\log^2 n)$,n,matrices,matrices in the chain,True,kept
Matrix Chain Multiplication,MCOP,matrix chain ordering problem,parallel,1998.0,"Bradford, Rawlins, Shannon (2)",$O(n\log^2 n)$,n,matrices,matrices in the chain,True,kept
Matrix Chain Multiplication,MCOP,matrix chain ordering problem,parallel,1998.0,"Bradford, Rawlins, Shannon (3)",$O(n\log^2 n)$,n,matrices,matrices in the chain,True,kept
Matrix Chain Multiplication,Matrix Chain Ordering Problem,matrix chain ordering problem,quantum,2025.0,Quantum Speedups for Polynomial-Time Dynamic Programming Algorithms,\tilde{O}(n^{2.5}),n,matrices,matrices in the chain,True,kept
Matrix Chain Multiplication,Successive Matrix Multiplication,successive matrix multiplication,quantum,2025.0,Faster quantum subroutine for matrix chain multiplication via Cheby...,"O(\sqrt{K} poly(\log N, \kappa))",,,matrices in the chain,False,"approximation algorithm, not comparable to an exact runtime"
Matrix Chain Multiplication,Matrix Chain Ordering Problem,matrix chain ordering problem,serial,1940.0,Brute Force,$O(4^n)$,,,matrices in the chain,False,year missing or outside 1950-2026
Matrix Chain Multiplication,Matrix Chain Ordering Problem,matrix chain ordering problem,serial,1953.0,Dynamic Programming Algorithm (S. S. Godbole),$O(n^3)$,n,matrices,matrices in the chain,True,kept
Matrix Chain Multiplication,Matrix Chain Ordering Problem,matrix chain ordering problem,serial,1982.0,T. C. Hu ; M. T. Shing,$O(n \log n)$,n,matrices,matrices in the chain,True,kept
Matrix Chain Multiplication,Approximate MCSP,approximate mcsp,serial,1997.0,Heejo Lee; Jong Kim; Sungje Hong; and Sunggu Lee,$O(n^2)$,,,matrices in the chain,False,"approximation algorithm, not comparable to an exact runtime"
Matrix Product,Matrix Multiplication,matrix multiplication,parallel,1969.0,Cannon (Classical 2D),$n^3 + 2sqrt(p) * (p*t_s + n^2*t_w)$,,,matrix dimension,False,"formula depends on too many parameters (n, p, t_s, t_w)"
Matrix Product,Matrix Multiplication,matrix multiplication,parallel,1976.0,Chandra (1),$O(n^{\log_2{7}})$,,,matrix dimension,False,cannot tell what n means (no definition given and the family is inconsistent)
Matrix Product,Matrix Multiplication,matrix multiplication,parallel,1976.0,Chandra (2),$O( n^{\log_2{7}} \log(n) )$,,,matrix dimension,False,cannot tell what n means (no definition given and the family is inconsistent)
Matrix Product,Matrix Multiplication,matrix multiplication,parallel,1981.0,Dekel; Nassimi & Sahni (1),$O(n^3*\log n)$,,,matrix dimension,False,cannot tell what n means (no definition given and the family is inconsistent)
Matrix Product,Matrix Multiplication,matrix multiplication,parallel,1981.0,Dekel; Nassimi & Sahni (2),$O(n^3)$,,,matrix dimension,False,cannot tell what n means (no definition given and the family is inconsistent)
Matrix Product,Matrix Multiplication,matrix multiplication,parallel,1981.0,Dekel; Nassimi & Sahni (3),$O(n^3 + n^2*m*\log m)$,,,matrix dimension,False,cannot tell what n means (no definition given and the family is inconsistent)
Matrix Product,Matrix Multiplication,matrix multiplication,parallel,1981.0,Dekel; Nassimi & Sahni (4),$O(n^2*m+n^2.61*m^0.39)$,,,matrix dimension,False,cannot tell what n means (no definition given and the family is inconsistent)
Matrix Product,Matrix Multiplication,matrix multiplication,parallel,1981.0,Dekel; Nassimi & Sahni (5),$O(n^3*\log n)$,,,matrix dimension,False,cannot tell what n means (no definition given and the family is inconsistent)
Matrix Product,Matrix Multiplication,matrix multiplication,parallel,1981.0,Dekel; Nassimi & Sahni (6),$O(n^3 + n^2*m*\log m)$,,,matrix dimension,False,cannot tell what n means (no definition given and the family is inconsistent)
Matrix Product,Matrix Multiplication,matrix multiplication,parallel,1981.0,Dekel; Nassimi & Sahni (7),$O(n^2*m+n^2.61*m^0.39)$,,,matrix dimension,False,cannot tell what n means (no definition given and the family is inconsistent)
Matrix Product,Matrix Multiplication,matrix multiplication,parallel,1984.0,Frieze & Rudolph,,,,matrix dimension,False,formula not usable: no formula recorded
Matrix Product,Matrix Multiplication,matrix multiplication,parallel,1987.0,"Fox, Otto, Hey (aka broadcast-multiply-roll)",$2M^3*t_flop + 2M^2*sqrt(N)*t_comm + N^1.5(sqrt(N)-1)*t_start$,,,matrix dimension,False,"formula depends on too many parameters (M, N, t_comm, t_flop, t_start)"
Matrix Product,Matrix Multiplication,matrix multiplication,parallel,1987.0,"Johnsson, Ho (multiple algorithms)",$O(PQR)$,,,matrix dimension,False,"cannot tell what Q, R means (no definition given and the family is inconsistent)"
Matrix Product,Matrix Multiplication,matrix multiplication,parallel,1988.0,"Gazit, Miller (parallel Coppersmith & Winograd 1987)",$O(n^{2.376} \log n)$,,,matrix dimension,False,cannot tell what n means (no definition given and the family is inconsistent)
Matrix Product,Matrix Multiplication,matrix multiplication,parallel,1988.0,"Fox, Johnson, Lyzenga, Otto, Salmon, Walker",$M^3$,,,matrix dimension,False,"measured in size processor s local memory, but this family is compared in matrix dimension"
Matrix Product,Matrix Multiplication,matrix multiplication,parallel,1989.0,Berntsen (Classical 3D),$n^3 + 2 t_s p^{4/3} + 1/3 t_s p \log(p) + 3 t_w n^2 p^{1/3}$,,,matrix dimension,False,"formula depends on too many parameters (n, p, t_s, t_w)"
Matrix Product,Matrix Multiplication,matrix multiplication,parallel,1990.0,"AGGARWAL, CHANDRA, SNIR",$O(n^3+n^2*p^{1/3}) = O(n^3)$,,,matrix dimension,False,cannot tell what n means (no definition given and the family is inconsistent)
Matrix Product,Matrix Multiplication,matrix multiplication,parallel,1991.0,"Ho, Johnsson, Edelman",$O(n^3)$,,,matrix dimension,False,cannot tell what n means (no definition given and the family is inconsistent)
Matrix Product,Matrix Multiplication,matrix multiplication,parallel,1991.0,"Lee, Aboelaze (Winograd's algorithm)",$O(n^3)$,,,matrix dimension,False,cannot tell what n means (no definition given and the family is inconsistent)
Matrix Product,Matrix Multiplication,matrix multiplication,parallel,1992.0,"Lin, Snyder",$O(n^3)$,,,matrix dimension,False,cannot tell what n means (no definition given and the family is inconsistent)
Matrix Product,Matrix Multiplication,matrix multiplication,parallel,1992.0,"Bjørstad, Manne, Sørevik, Vajteršic (Winograd's algorithm)",$O(n^3)$,,,matrix dimension,False,cannot tell what n means (no definition given and the family is inconsistent)
Matrix Product,Matrix Multiplication,matrix multiplication,parallel,1993.0,"Gupta, Kumar (variant of DNS81)",$n^3 + 5/3 t_s p \log(p) + 5/3 t_w n^2 p^{1/3} \log(p)$,,,matrix dimension,False,"formula depends on too many parameters (n, p, t_s, t_w)"
Matrix Product,Matrix Multiplication,matrix multiplication,parallel,1994.0,"Agarwal, Gustavson, Zubair",$O(n^3)$,,,matrix dimension,False,cannot tell what n means (no definition given and the family is inconsistent)
Matrix Product,Matrix Multiplication,matrix multiplication,parallel,1994.0,"Dumitrescu, Roch, Trystram (1)",$O(n^\log 7)$,,,matrix dimension,False,cannot tell what n means (no definition given and the family is inconsistent)
Matrix Product,Matrix Multiplication,matrix multiplication,parallel,1994.0,"Dumitrescu, Roch, Trystram (2)",$O((n/2^k)^\log 7*7^k)$,,,matrix dimension,False,cannot tell what n means (no definition given and the family is inconsistent)
Matrix Product,Matrix Multiplication,matrix multiplication,parallel,1994.0,"Choi, Walker, Dongarra (PUMMA)",$O(n^3)$,,,matrix dimension,False,cannot tell what n means (no definition given and the family is inconsistent)
Matrix Product,Matrix Multiplication,matrix multiplication,parallel,1994.0,"Mathur, Johnsson (multiple algorithms)",$O(PQR)$,,,matrix dimension,False,"cannot tell what Q, R means (no definition given and the family is inconsistent)"
Matrix Product,Matrix Multiplication,matrix multiplication,parallel,1995.0,"Agarwal, Bale, Gustavson, Joshi, Palkar (P_GEMM, Classical 3D)",$O(n^3)$,,,matrix dimension,False,cannot tell what n means (no definition given and the family is inconsistent)
Matrix Product,Matrix Multiplication,matrix multiplication,parallel,1995.0,"Luo, Drake (2D-Strassen) (1)",$O(n^{\log 7}*P^{(3-\log 7)/2})$,,,matrix dimension,False,cannot tell what n means (no definition given and the family is inconsistent)
Matrix Product,Matrix Multiplication,matrix multiplication,parallel,1995.0,"Luo, Drake (Strassen-2D) (2)",$(7/8)^l*n^3$,,,matrix dimension,False,cannot tell what n means (no definition given and the family is inconsistent)
Matrix Product,Matrix Multiplication,matrix multiplication,parallel,1996.0,"Grayson, Shah, Van De Geijn (Strassen-2D)",$(7/8)^l*n^3$,,,matrix dimension,False,cannot tell what n means (no definition given and the family is inconsistent)
Matrix Product,Matrix Multiplication,matrix multiplication,parallel,1997.0,"Van De Geijn, Watts (SUMMA, Classical 2D)",$O(n^3)$,,,matrix dimension,False,cannot tell what n means (no definition given and the family is inconsistent)
Matrix Product,Matrix Multiplication,matrix multiplication,parallel,1997.0,"Lee, Robertson, Fortes (Cannon generalized for block-cyclic distributed matrices)",$O(n^3)$,,,matrix dimension,False,cannot tell what n means (no definition given and the family is inconsistent)
Matrix Product,Matrix Multiplication,matrix multiplication,parallel,1997.0,Choi (DIMMA),$O(n^3)$,,,matrix dimension,False,cannot tell what n means (no definition given and the family is inconsistent)
Matrix Product,Matrix Multiplication,matrix multiplication,parallel,1999.0,"Frigo, Leiserson, Prokop, Ramachandran",$O(mnk)$,,,matrix dimension,False,cannot tell what n means (no definition given and the family is inconsistent)
Matrix Product,Dense Matrix Multiplication,dense matrix multiplication,parallel,2004.0,"Krishnan, Nieplocha (SRUMMA)",$O(n^3)$,,,matrix dimension,False,cannot tell what n means (no definition given and the family is inconsistent)
Matrix Product,Matrix Multiplication,matrix multiplication,parallel,2008.0,"Hunold, Rauber, Rünger",$O(n^3)$,,,matrix dimension,False,cannot tell what n means (no definition given and the family is inconsistent)
Matrix Product,Matrix Multiplication,matrix multiplication,parallel,2011.0,"Solomonik, Demmel (Classical 2.5D)",$O(n^3)$,,,matrix dimension,False,cannot tell what n means (no definition given and the family is inconsistent)
Matrix Product,Matrix Multiplication,matrix multiplication,parallel,2012.0,"Ballard, Demmel, Holtz, Lipshitz, Schwartz (CAPS)",$O(n^{\log 7})$,,,matrix dimension,False,cannot tell what n means (no definition given and the family is inconsistent)
Matrix Product,Matrix Multiplication,matrix multiplication,parallel,2013.0,Ballard (CAPS) (same as 2012 paper),$O(n^{\log 7})$,,,matrix dimension,False,cannot tell what n means (no definition given and the family is inconsistent)
Matrix Product,Matrix Multiplication,matrix multiplication,parallel,2013.0,Ballard (2.5D-Strassen) (1),"$max {n^3/M^{3/2−(\log 7)/2}, n^{\log 7}/P^{(\log 7)/3 - 1} } + n^2 P^{1/3} + P \log P$",,,matrix dimension,False,"formula depends on too many parameters (M, P, n, −)"
Matrix Product,Matrix Multiplication,matrix multiplication,parallel,2013.0,Ballard (Strassen-2.5D) (2),$(7/8)^l n^3$,,,matrix dimension,False,cannot tell what n means (no definition given and the family is inconsistent)
Matrix Product,Rectangular Matrices,rectangular matrices,parallel,2013.0,"Demmel, Eliahu, Fox, Kamil, Lipshitz, Schwartz, Spillinger (CARMA)",$O(mnk)$,,,matrix dimension,False,cannot tell what n means (no definition given and the family is inconsistent)
Matrix Product,Matrix Multiplication,matrix multiplication,parallel,2014.0,"Bae, Shinn, Takaoka",$O(n^3)$,,,matrix dimension,False,cannot tell what n means (no definition given and the family is inconsistent)
Matrix Product,Matrix Product Verification,matrix product verification,quantum,2004.0,"Buhrman, Špalek",O(n^(5/3)),,,matrix dimension,False,"measured in algorithm verifies product two n by n matrices, but this family is compared in matrix dimension"
Matrix Product,Boolean Matrix Multiplication,boolean matrix multiplication,quantum,2013.0,"Le Gall, Nishimura","O(n^2*poly(log(n))) if m \leq n^1.1514
O(m^0.5168n^1.4049*poly(log(n))) if n^1.1514 \leq m \leq n^{\omega-1/2}
O(n^\omega*poly(log(n))) if n^{\omega-1/2} \leq m \leq n^2",,,matrix dimension,False,formula not usable: poly(...) has no determinate exponent
Matrix Product,Distance Product,distance product,quantum,2013.0,"Le Gall, Nishimura",O(2^(0.640\ell)*n^2.458),,,matrix dimension,False,"measured in algorithm computes product two n by n matrices, but this family is compared in matrix dimension"
Matrix Product,,(general),quantum,2023.0,An improved method for quantum matrix multiplication,O(log N s k^2/eps),,,matrix dimension,False,"formula depends on too many parameters (N, k, p, s)"
Matrix Product,Matrix Multiplication,matrix multiplication,serial,1940.0,Naive algorithm,$O(n^3)$,,,matrix dimension,False,year missing or outside 1950-2026
Matrix Product,Matrix Multiplication,matrix multiplication,serial,1969.0,Strassen's algorithm,"$O(n^{\log(7)/\log(2)})$, approximately $O(n^{2.807})$",n,matrix_dim,matrix dimension,True,kept
Matrix Product,Matrix Multiplication,matrix multiplication,serial,1978.0,Pan's algorithm,"$O(n^{\log(143640)/\log(70)})$, approximately $O(n^{2.795})$",n,matrix_dim,matrix dimension,True,kept
Matrix Product,Matrix Multiplication,matrix multiplication,serial,1979.0,Bini's algorithm,$O(n^{2.7799})$,,,matrix dimension,False,"approximation algorithm, not comparable to an exact runtime"
Matrix Product,Matrix Multiplication,matrix multiplication,serial,1980.0,Schonhage's algorithm,"$O(n^{3\log(52)/\log(110)})$, approximately $O(n^{2.5218})$",,,matrix dimension,False,"approximation algorithm, not comparable to an exact runtime"
Matrix Product,Matrix Multiplication,matrix multiplication,serial,1981.0,Romani's algorithm,$O(n^{2.51665})$,n,matrix_dim,matrix dimension,True,kept
Matrix Product,Matrix Multiplication,matrix multiplication,serial,1981.0,Coppersmith–Winograd algorithm,$O(n^{2.495548})$,n,matrix_dim,matrix dimension,True,kept
Matrix Product,Matrix Multiplication,matrix multiplication,serial,1986.0,Strassen's algorithm,"$O(n^{\log(54)/\log(5)})$, approximately $O(n^{2.4785})$",n,matrix_dim,matrix dimension,True,kept
Matrix Product,Matrix Multiplication,matrix multiplication,serial,1990.0,Coppersmith–Winograd algorithm,$O(n^{2.3755})$,n,matrix_dim,matrix dimension,True,kept
Matrix Product,Matrix Multiplication,matrix multiplication,serial,2014.0,Vassilevska Williams,$O(n^{2.372873})$,n,matrix_dim,matrix dimension,True,kept
Matrix Product,Matrix Multiplication,matrix multiplication,serial,2014.0,François Le Gall,$O(n^{2.3728639})$,n,matrix_dim,matrix dimension,True,kept
Max Independent Set,3-Graph Coloring,3-graph coloring,serial,1986.0,Robson,$O(1.2108^n)$,n,vertices,vertices in the graph,True,kept
Maximum Cardinality Matching,Bipartite Graph MCM,bipartite graph mcm,parallel,1982.0,"Shiloach, Vishkin",$O(m*sqrt(n) \log n)$,n,vertices,vertices in the graph,True,kept; substituted worst-case edges in the graph for 'm'
Maximum Cardinality Matching,General Graph MCM,general graph mcm,parallel,1985.0,"Karp, Upfal, Widgerson",$O(n^6.5 \log^3 n)$,n,vertices,vertices in the graph,True,kept
Maximum Cardinality Matching,General Graph MCM,general graph mcm,parallel,1986.0,Galil (1),$O(n^(1+omega) \log^3 n)$,,,vertices in the graph,False,"also depends on 'omega' (exponent on matrix multiplication complexity), which has no worst-case bound in terms of vertices in the graph"
Maximum Cardinality Matching,General Graph MCM,general graph mcm,parallel,1986.0,Galil (2),$O(mn^(1+omega) \log^3 n)$,,,vertices in the graph,False,"also depends on 'omega' (exponent on matrix multiplication complexity), which has no worst-case bound in terms of vertices in the graph"
Maximum Cardinality Matching,Bipartite Graph MCM,bipartite graph mcm,parallel,1987.0,"Kim, Chwa",$O(n^4 \log \log n)$,n,vertices,vertices in the graph,True,kept
Maximum Cardinality Matching,General Graph MCM,general graph mcm,parallel,1995.0,Andrews et al. (1),$O(n \log n)$,,,vertices in the graph,False,"measured in number intervals representing graph, but this family is compared in vertices in the graph"
Maximum Cardinality Matching,General Graph MCM,general graph mcm,parallel,1995.0,Andrews et al. (2),$O(n \log^3 n)$,,,vertices in the graph,False,"measured in number intervals representing graph, but this family is compared in vertices in the graph"
Maximum Cardinality Matching,General Graphs MCM (Adjacency List Model),general graph mcm,quantum,2005.0,"Ambainis, Spalek 2",O(n^2*(sqrt(m/n)+log(n))*log(n)),n,vertices,vertices in the graph,True,kept; substituted worst-case edges in the graph for 'm'
Maximum Cardinality Matching,General Graphs MCM (Adjacency Matrix Model),general graph mcm,quantum,2005.0,"Ambainis, Spalek 2",O(n^(5/2)*log(n)),n,vertices,vertices in the graph,True,kept
Maximum Cardinality Matching,Bipartite Graphs MCM (Adjacency List Model),bipartite graph mcm,quantum,2005.0,"Ambainis, Spalek 1",O(n*sqrt(n+m)*log(n)),n,vertices,vertices in the graph,True,kept; substituted worst-case edges in the graph for 'm'
Maximum Cardinality Matching,Bipartite Graphs MCM (Adjacency Matrix Model),bipartite graph mcm,quantum,2005.0,"Ambainis, Spalek 1",O(n^2*log(n)),n,vertices,vertices in the graph,True,kept
Maximum Cardinality Matching,Bipartite Graphs MCM (Adjacency List Model),bipartite graph mcm,quantum,2006.0,Furrow,O(n*sqrt((n+m)*log(n))),n,vertices,vertices in the graph,True,kept; substituted worst-case edges in the graph for 'm'
Maximum Cardinality Matching,Bipartite Graphs MCM (Adjacency Matrix Model),bipartite graph mcm,quantum,2006.0,Furrow,O(n^2*sqrt(log(n))),n,vertices,vertices in the graph,True,kept
Maximum Cardinality Matching,General Graphs MCM (Adjacency List Model),general graph mcm,quantum,2009.0,Dörn 1,O(n*sqrt(m)*log^2(n)),n,vertices,vertices in the graph,True,kept; substituted worst-case edges in the graph for 'm'
Maximum Cardinality Matching,General Graphs MCM (Adjacency Matrix Model),general graph mcm,quantum,2009.0,Dörn 1,O(n^2*log^2(n)),n,vertices,vertices in the graph,True,kept
Maximum Cardinality Matching,Bipartite Graphs MCM (Adjacency Matrix Model),bipartite graph mcm,quantum,2014.0,"Lin, Lin",O(n^(3/2)*p^(1/4)),,,vertices in the graph,False,"also depends on 'p' (size maximum matching), which has no worst-case bound in terms of vertices in the graph"
Maximum Cardinality Matching,Bipartite Graphs MCM (Adjacency List Model),bipartite graph mcm,quantum,2020.0,"Beighi, Taghavi",O(n^(3/4)*sqrt(m+n)),n,vertices,vertices in the graph,True,kept; substituted worst-case edges in the graph for 'm'
Maximum Cardinality Matching,General Graphs MCM (Adjacency Matrix Model),general graph mcm,quantum,2021.0,"Kimmel, Witter",O(n^(7/4)),n,vertices,vertices in the graph,True,kept
Maximum Cardinality Matching,General Graphs MCM (Adjacency Matrix Model),general graph mcm,quantum,2021.0,"Kimmel, Witter",O(n^(3/4)*sqrt(m+n)),n,vertices,vertices in the graph,True,kept; substituted worst-case edges in the graph for 'm'
Maximum Cardinality Matching,Bipartite Graphs MCM (Adjacency Matrix Model),bipartite graph mcm,quantum,2022.0,"Blikstad, Van Den Brand, Efron, Mukhopaghyay, Nanongkai",O(n^(3/2)*log^2(n)),n,vertices,vertices in the graph,True,kept
Maximum Cardinality Matching,Bipartite Graph MCM,bipartite graph mcm,serial,1956.0,Ford–Fulkerson algorithm,$O(VE)$,V,vertices,vertices in the graph,True,kept; substituted worst-case edges in the graph for 'E'
Maximum Cardinality Matching,Bipartite Graph MCM,bipartite graph mcm,serial,1973.0,Hopcroft–Karp algorithm,$O(V^{0.5} E)$,V,vertices,vertices in the graph,True,kept; substituted worst-case edges in the graph for 'E'
Maximum Cardinality Matching,General Graph MCM,general graph mcm,serial,1980.0,Micali; Vazirani,$O(E \sqrt{V})$,V,vertices,vertices in the graph,True,kept; substituted worst-case edges in the graph for 'E'
Maximum Cardinality Matching,General Graph MCM,general graph mcm,serial,1990.0,Blum,$O(V^{0.5} E)$,V,vertices,vertices in the graph,True,kept; substituted worst-case edges in the graph for 'E'
Maximum Cardinality Matching,General Graph MCM,general graph mcm,serial,1991.0,Gabow; Tarjan,$O(V^{0.5} E)$,V,vertices,vertices in the graph,True,kept; substituted worst-case edges in the graph for 'E'
Maximum Cardinality Matching,Planar Bipartite Graph Perfect Matching,planar bipartite graph perfect matching,serial,1997.0,Klein (section 5),$O(V^{4/3} \log V)$,V,vertices,vertices in the graph,True,kept
Maximum Cardinality Matching,General Graph MCM,general graph mcm,serial,2004.0,"Mucha, Sankowski (general)",$O(V^{\omega})$,,,vertices in the graph,False,"also depends on 'omega' (matrix multiplication constant), which has no worst-case bound in terms of vertices in the graph"
Maximum Cardinality Matching,Planar Bipartite Graph MCM,planar bipartite graph mcm,serial,2006.0,Mucha; Sankowski (planar),$O(V^{\omega/2})$,,,vertices in the graph,False,"also depends on 'omega' (matrix multiplication constant), which has no worst-case bound in terms of vertices in the graph"
Maximum Cardinality Matching,Bipartite Graph MCM,bipartite graph mcm,serial,2011.0,Chandran and Hochbaum,"$O(\min(Vk, E)+\sqrt{k}\min(k^2, E))$",,,vertices in the graph,False,"also depends on 'k' (an undefined parameter), which has no worst-case bound in terms of vertices in the graph"
Maximum Cardinality Matching,Bipartite Graph MCM,bipartite graph mcm,serial,2013.0,Madry's algorithm,$O(E^{10/7} \text{polylog}(V))$,,,vertices in the graph,False,formula not usable: polylog(...) has no determinate exponent
Maximum Cut,Maximum Cut,(general),parallel,1989.0,Akl,$O(n)$,n,vertices,vertices in the graph,True,kept
Maximum Cut,High-girth graphs,high-girth graphs,quantum,2014.0,QAOA,,,,vertices in the graph,False,formula not usable: no formula recorded
Maximum Cut,,(general),quantum,2023.0,Quantum Speedup for the Maximum Cut Problem,O(2^(n/2)),n,vertices,vertices in the graph,True,kept
Maximum Cut,Low-girth graphs,low-girth graphs,quantum,2024.0,Quantum Approximate Optimization Algorithms for Maximum Cut on Low-...,,,,vertices in the graph,False,formula not usable: no formula recorded
Maximum Cut,,(general),quantum,2025.0,Improved Algorithms for Quantum MaxCut via Partially Entangled Matc...,,,,vertices in the graph,False,formula not usable: no formula recorded
Maximum Cut,Maximum Cut,(general),serial,1975.0,Brute Force,$O(m 2^n)$,n,vertices,vertices in the graph,True,kept; substituted worst-case edges in the graph for 'm'
Maximum Cut,Maximum Cut for Planar Graphs,maximum cut for planar graphs,serial,1975.0,Hadlock,$O(n^4)$?,n,vertices,vertices in the graph,True,kept
Maximum Cut,"Maximum Cut, Approximate","maximum cut, approximate",serial,2018.0,Dunning; Gupta & Silberholz,$O(\text{poly}(n))$,,,vertices in the graph,False,"approximation algorithm, not comparable to an exact runtime"
Maximum Flow,st-Maximum Flow,st-maximum flow,parallel,1981.0,"Shiloach, Vishkin",$O(V^3*log(V))$,V,vertices,vertices in the graph,True,kept
Maximum Flow,st-Maximum Flow,st-maximum flow,parallel,1985.0,Goldberg,$O(V^3*log(V))$,V,vertices,vertices in the graph,True,kept
Maximum Flow,st-Maximum Flow,st-maximum flow,parallel,1989.0,"Gallo, Grigoriadis, Tarjan",$O(V^3*log(V))$,V,vertices,vertices in the graph,True,kept
Maximum Flow,Integer Maximum Flow,integer maximum flow,parallel,1989.0,"Ahuja, Orlin",$O(VE \log(U) \log(E/V))$,,,vertices in the graph,False,"also depends on 'U' (max edge weight), which has no worst-case bound in terms of vertices in the graph"
Maximum Flow,Integer Maximum Flow,integer maximum flow,parallel,1997.0,Goldberg & Rao (Parallel) (1),$O(V^{8/3} \log(V) \log(U))$ ?,,,vertices in the graph,False,"also depends on 'U' (max edge weight), which has no worst-case bound in terms of vertices in the graph"
Maximum Flow,Integer Maximum Flow,integer maximum flow,parallel,1997.0,Goldberg & Rao (Parallel) (2),$O(E^0.5 V^2 \log(V) \log(U))$ ?,,,vertices in the graph,False,"also depends on 'U' (max edge weight), which has no worst-case bound in terms of vertices in the graph"
Maximum Flow,st-Maximum Flow,st-maximum flow,parallel,1999.0,Vollmer,$O(V^3*log(V))$,V,vertices,vertices in the graph,True,kept
Maximum Flow,st-Maximum Flow,st-maximum flow,parallel,2010.0,"Hong, He",$O(V^2*E)$,V,vertices,vertices in the graph,True,kept; substituted worst-case edges in the graph for 'E'
Maximum Flow,st-Maximum Flow,st-maximum flow,parallel,2022.0,"Peretz, Fischler",$O(V^3 \log V)$,V,vertices,vertices in the graph,True,kept
Maximum Flow,Integer Maximum Flow,integer maximum flow,quantum,2006.0,"Ambainis, Špalek","O(min((V^(7/6) * E^(1/2) * U^(1/3)), (V^(1/2) * U^(1/2) * E)) * log(V))",,,vertices in the graph,False,"also depends on 'U' (max edge weight), which has no worst-case bound in terms of vertices in the graph"
Maximum Flow,st-Maximum Flow,st-maximum flow,quantum,2007.0,"Yu, Tsai, Chou, Kuo",O(V^2.5),V,vertices,vertices in the graph,True,kept
Maximum Flow,Integer Maximum Flow,integer maximum flow,quantum,2020.0,"Krauss, McCollum, Pendery, Litwin, Michaels 1",O(E*D*(log(U))^2),,,vertices in the graph,False,"measured in edges in the graph, max edge weight, maximum degree vertex graph, but this family is compared in vertices in the graph"
Maximum Flow,st-Maximum Flow,st-maximum flow,quantum,2020.0,"Krauss, McCollum, Pendery, Litwin, Michaels 2",,,,vertices in the graph,False,formula not usable: no formula recorded
Maximum Flow,st-Maximum Flow,st-maximum flow,quantum,2024.0,"Apers, Auza, Lee",O(V^1.83),V,vertices,vertices in the graph,True,kept
Maximum Flow,,(general),serial,1951.0,Dantzig,$O(V^2EU)$,,,vertices in the graph,False,"also depends on 'U' (max edge weight), which has no worst-case bound in terms of vertices in the graph"
Maximum Flow,,(general),serial,1955.0,Ford & Fulkerson,$O(E^2U)$,,,vertices in the graph,False,"measured in edges in the graph, max edge weight, but this family is compared in vertices in the graph"
Maximum Flow,,(general),serial,1970.0,Dinitz,$O(V^2 E)$,V,vertices,vertices in the graph,True,kept; substituted worst-case edges in the graph for 'E'
Maximum Flow,,(general),serial,1972.0,Edmonds & Karp,$O(E^2 V)$,V,vertices,vertices in the graph,True,kept; substituted worst-case edges in the graph for 'E'
Maximum Flow,,(general),serial,1973.0,Dinitz (with dynamic trees),$O(VE \log U)$,,,vertices in the graph,False,"also depends on 'U' (max edge weight), which has no worst-case bound in terms of vertices in the graph"
Maximum Flow,,(general),serial,1974.0,Karzanov,$O(V^3)$,V,vertices,vertices in the graph,True,kept
Maximum Flow,,(general),serial,1977.0,Cherkassky,$O(V^2E^{0.5})$,V,vertices,vertices in the graph,True,kept; substituted worst-case edges in the graph for 'E'
Maximum Flow,,(general),serial,1980.0,Galil & Naamad,$O(VE \log^2 V)$,V,vertices,vertices in the graph,True,kept; substituted worst-case edges in the graph for 'E'
Maximum Flow,,(general),serial,1983.0,Sleator & Tarjan,$O(VE \log V)$,V,vertices,vertices in the graph,True,kept; substituted worst-case edges in the graph for 'E'
Maximum Flow,,(general),serial,1986.0,Goldberg & Tarjan,$O(VE \log (V^2/E))$,V,vertices,vertices in the graph,True,kept; substituted worst-case edges in the graph for 'E'
Maximum Flow,,(general),serial,1987.0,Ahuja & Orlin,$O(VE + V^2 \log U)$,,,vertices in the graph,False,"also depends on 'U' (max edge weight), which has no worst-case bound in terms of vertices in the graph"
Maximum Flow,Integer Maximum Flow,integer maximum flow,serial,1987.0,"Ahuja, Orlin, Tarjan",$O(VE \log((V \log U)/(E \log \log U) + 2))$,,,vertices in the graph,False,"also depends on 'U' (max edge weight), which has no worst-case bound in terms of vertices in the graph"
Maximum Flow,st-Maximum Flow,st-maximum flow,serial,1989.0,Cheriyan & Hagerup,$O(VE \log V)$,V,vertices,vertices in the graph,True,kept; substituted worst-case edges in the graph for 'E'
Maximum Flow,st-Maximum Flow,st-maximum flow,serial,1990.0,Cheriyan et al.,$O(V^3 / \log V)$,V,vertices,vertices in the graph,True,kept
Maximum Flow,st-Maximum Flow,st-maximum flow,serial,1990.0,Alon,$O(VE + V^{2.66} \log V)$,V,vertices,vertices in the graph,True,kept; substituted worst-case edges in the graph for 'E'
Maximum Flow,st-Maximum Flow,st-maximum flow,serial,1992.0,King et al. (KRT),$O(VE + V^{2+\epsilon})$,,,vertices in the graph,False,"also depends on 'epsilon' (any positive real number), which has no worst-case bound in terms of vertices in the graph"
Maximum Flow,st-Maximum Flow,st-maximum flow,serial,1993.0,Phillips & Westbrook,$O(VE(\log(V)/\log(V/E) + (\log V)^2))$,V,vertices,vertices in the graph,True,kept; substituted worst-case edges in the graph for 'E'
Maximum Flow,Integer Maximum Flow,integer maximum flow,serial,1997.0,Goldberg & Rao,$O(E^{1.5} \log(V^2/E) \log U)$,,,vertices in the graph,False,"also depends on 'U' (max edge weight), which has no worst-case bound in terms of vertices in the graph"
Maximum Flow,Integer Maximum Flow,integer maximum flow,serial,1997.0,Goldberg & Rao,$O(V^{0.66}E \log(V^2/E) \log U)$,,,vertices in the graph,False,"also depends on 'U' (max edge weight), which has no worst-case bound in terms of vertices in the graph"
Maximum Flow,st-Maximum Flow,st-maximum flow,serial,2013.0,James B Orlin's + KRT (King; Rao; Tarjan)'s algorithm,$O(VE)$,V,vertices,vertices in the graph,True,kept; substituted worst-case edges in the graph for 'E'
Maximum Likelihood Methods in Unknown Latent Variables,Maximum Likelihood Methods in Unknown Latent Variables,(general),serial,1977.0,Expectation-Maximization (EM) algorithm,$O(n^3)$,n,elements,elements in the input,True,kept
Maximum Likelihood Methods in Unknown Latent Variables,Maximum Likelihood Methods in Unknown Latent Variables,(general),serial,1993.0,Expectation conditional maximization (ECM),$O(n^3)$,n,elements,elements in the input,True,kept
Maximum Likelihood Methods in Unknown Latent Variables,Maximum Likelihood Methods in Unknown Latent Variables,(general),serial,1994.0,Expectation conditional maximization either (ECME) (Liu; Chuanhai; Rubin; Donald B),$O(n^3)$,n,elements,elements in the input,True,kept
Maximum Likelihood Methods in Unknown Latent Variables,Maximum Likelihood Methods in Unknown Latent Variables,(general),serial,1997.0,EM with Quasi-Newton Methods (Jamshidian; Mortaza; Jennrich; Robert I.),$O(n^2 \log^3 n)$,n,elements,elements in the input,True,kept
Maximum Likelihood Methods in Unknown Latent Variables,Maximum Likelihood Methods in Unknown Latent Variables,(general),serial,1998.0,Parameter-expanded expectation maximization (PX-EM),$O(n^3)$,n,elements,elements in the input,True,kept
Maximum Likelihood Methods in Unknown Latent Variables,Maximum Likelihood Methods in Unknown Latent Variables,(general),serial,2003.0,α-EM Algorithm,$O(n^3)$,n,elements,elements in the input,True,kept
Maximum Likelihood Methods in Unknown Latent Variables,"Maximum Likelihood Methods in Unknown Latent Variables, Hidden Markov Models","maximum likelihood methods in unknown latent variables, hidden markov models",serial,2011.0,"alpha-HMM (Matsuyama, Yasuo)",$O(n^2 \log^2 n)$,n,elements,elements in the input,True,kept
Maximum Likelihood Methods in Unknown Latent Variables,"Maximum Likelihood Methods in Unknown Latent Variables; multi-view model, discrete observations","(general); multi-view model, discrete observations",serial,2015.0,Shaban; Amirreza; Mehrdad; Farajtabar,$O(n^2 \log^2 n)$,n,elements,elements in the input,True,kept
Maximum Likelihood Parameters,,(general),serial,1685.0,Newton–Raphson algorithm,$O(n^3)$,,,elements in the input,False,year missing or outside 1950-2026
Maximum Likelihood Parameters,,(general),serial,1977.0,Expectation–maximization (EM) algorithm,$O(n^3)$,n,elements,elements in the input,True,kept
Maximum Likelihood Parameters,,(general),serial,1994.0,Generalized expectation maximization (GEM) algorithm,$O(n^4 \log^{1.5} n)$?,n,elements,elements in the input,True,kept
Maximum Likelihood Parameters,,(general),serial,1998.0,Parameter-expanded expectation maximization (PX-EM) algorithm,$O(n^3)$,n,elements,elements in the input,True,kept
Maximum Likelihood Parameters,,(general),serial,2003.0,α-EM algorithm,$O(n^3)$,n,elements,elements in the input,True,kept
Maximum Likelihood Parameters,,(general),serial,2017.0,Expectation conditional maximization (ECM),$O(n^2 \log n)$,n,elements,elements in the input,True,kept
Maximum Subarray Problem,2D Maximum Subarray,2d maximum subarray,parallel,1987.0,Smith,$O(n^3)$,n,elements,elements in the input,True,kept
Maximum Subarray Problem,1D Maximum Subarray,1d maximum subarray,parallel,1995.0,Perumalla and Deo,$O(n)$,n,elements,elements in the input,True,kept
Maximum Subarray Problem,1D Maximum Subarray,1d maximum subarray,parallel,1995.0,Wen (1),$O(n)$,n,elements,elements in the input,True,kept
Maximum Subarray Problem,2D Maximum Subarray,2d maximum subarray,parallel,1995.0,KALYAN PERUMALLA and NARSINGH DEO,$O(n^3)$,n,elements,elements in the input,True,kept
Maximum Subarray Problem,2D Maximum Subarray,2d maximum subarray,parallel,1995.0,Wen (2),$O(n^3)$,n,elements,elements in the input,True,kept
Maximum Subarray Problem,2D Maximum Subarray,2d maximum subarray,parallel,1999.0,"Qiu, Akl",$O(n^3)$,n,elements,elements in the input,True,kept
Maximum Subarray Problem,1D Maximum Subarray,1d maximum subarray,parallel,2004.0,"Alves, Caceres, Song (1)",$O(n)$,n,elements,elements in the input,True,kept
Maximum Subarray Problem,2D Maximum Subarray,2d maximum subarray,parallel,2004.0,"Alves, Caceres, Song (2)",$O(n^3)$,n,elements,elements in the input,True,kept
Maximum Subarray Problem,2D Maximum Subarray,2d maximum subarray,parallel,2007.0,Bae,$O(n^3)$,n,elements,elements in the input,True,kept
Maximum Subarray Problem,2D Maximum Subarray,2d maximum subarray,parallel,2014.0,Takaoka,$O(n^3)$,n,elements,elements in the input,True,kept
Maximum Subarray Problem,2D Maximum Subarray,2d maximum subarray,parallel,2015.0,"Lima, Branco, Caceres",$O(n^3)$,n,elements,elements in the input,True,kept
Maximum Subarray Problem,1D Maximum Subarray,1d maximum subarray,serial,1977.0,Brute Force,$O(n^3)$,n,elements,elements in the input,True,kept
Maximum Subarray Problem,1D Maximum Subarray,1d maximum subarray,serial,1977.0,Grenander,$O(n^2)$,n,elements,elements in the input,True,kept
Maximum Subarray Problem,1D Maximum Subarray,1d maximum subarray,serial,1977.0,Faster Brute Force (via x[L:U] = x[L:U-1]+x[U]),$O(n^2)$,n,elements,elements in the input,True,kept
Maximum Subarray Problem,1D Maximum Subarray,1d maximum subarray,serial,1978.0,Shamos,$O(n \log n)$,n,elements,elements in the input,True,kept
Maximum Subarray Problem,1D Maximum Subarray,1d maximum subarray,serial,1982.0,Kadane's Algorithm,$O(n)$,n,elements,elements in the input,True,kept
Maximum Subarray Problem,1D Maximum Subarray,1d maximum subarray,serial,1989.0,Bird,$O(n)$,n,elements,elements in the input,True,kept
Maximum-weight Matching,Maximum-Weight Matching,(general),parallel,1990.0,"Osiakwan, Akl",$O(n^3)$,n,vertices,vertices in the graph,True,kept
Maximum-weight Matching,Bipartite Maximum-Weight Matching,bipartite maximum-weight matching,parallel,2006.0,"Fayyazi, Kaeli, Meleis","$O((n/\omega) * n^{max(2\omega,4+\omega}))$",,,vertices in the graph,False,"also depends on 'omega' (an undefined parameter), which has no worst-case bound in terms of vertices in the graph"
Maximum-weight Matching,Bipartite Maximum-Weight Matching (Adjacency List Model),bipartite maximum-weight matching,quantum,2009.0,Dörn 2,O(n*sqrt(m)*N*log^2(n)),,,vertices in the graph,False,"also depends on 'N' (max edge weight), which has no worst-case bound in terms of vertices in the graph"
Maximum-weight Matching,Bipartite Maximum-Weight Matching (Adjacency Matrix Model),bipartite maximum-weight matching,quantum,2009.0,Dörn 2,O(n^2*N*log^2(n)),,,vertices in the graph,False,"also depends on 'N' (max edge weight), which has no worst-case bound in terms of vertices in the graph"
Maximum-weight Matching,Bipartite Maximum-Weight Matching,bipartite maximum-weight matching,serial,1955.0,Hungarian algorithm,$O(n^4)$,n,vertices,vertices in the graph,True,kept
Maximum-weight Matching,Maximum-Weight Matching,(general),serial,1965.0,Edmonds,$O(mn^2)$,n,vertices,vertices in the graph,True,kept; substituted worst-case edges in the graph for 'm'
Median String Problem,Median String Problem with Unbounded Alphabets,median string problem with unbounded alphabets,serial,1965.0,Naive Solution,$2^{O(n)}$,,,an undefined parameter,False,formula not usable: nested asymptotic notation has no determinate value
Mesh Parameterization,Mesh Parameterization,(general),serial,1993.0,PINKALL U.; POLTHIER K 1993,$O(n^2)$,,,an undefined parameter,False,family has no usable input-size parameter
Mesh Parameterization,Mesh Parameterization,(general),serial,1995.0,ECK M.; DEROSE T.; DUCHAMP T.; 1995,$O(n^2)$,,,an undefined parameter,False,family has no usable input-size parameter
Mesh Parameterization,Mesh Parameterization,(general),serial,1997.0,FLOATER 1997,$O(n^2)$,,,an undefined parameter,False,family has no usable input-size parameter
Mesh Parameterization,Mesh Parameterization,(general),serial,1999.0,HORMANN K.; GREINER G 1999,$O(n^2)$,,,an undefined parameter,False,family has no usable input-size parameter
Mesh Parameterization,Mesh Parameterization,(general),serial,2000.0,SHEFFER A.; DE STURLER E. 2000,$O(n^2)$,,,an undefined parameter,False,family has no usable input-size parameter
Mesh Parameterization,Mesh Parameterization,(general),serial,2001.0,SANDER P. V.; SNYDER J.; GORTER S. J.; HOPPE 2001,$O(n^2)$,,,an undefined parameter,False,family has no usable input-size parameter
Mesh Parameterization,Mesh Parameterization,(general),serial,2002.0,LEE Y.; KIM H. S.; LEE S 2002,$O(n \log^3 n)$,,,an undefined parameter,False,family has no usable input-size parameter
Mesh Parameterization,Mesh Parameterization,(general),serial,2002.0,DESBRUN M.; MEYER M.; ALLIEZ P. 2002,$O(n^2)$,,,an undefined parameter,False,family has no usable input-size parameter
Mesh Parameterization,Mesh Parameterization,(general),serial,2002.0,LÉVY B.; PETITJEAN S.; RAY N.; MAILLOT J 2002,$O(n \log^{2.5} n)$,,,an undefined parameter,False,family has no usable input-size parameter
Mesh Parameterization,Mesh Parameterization,(general),serial,2003.0,FLOATER 2003,$O(n^2)$,,,an undefined parameter,False,family has no usable input-size parameter
Mesh Parameterization,Mesh Parameterization,(general),serial,2004.0,YOSHIZAWA S.; BELYAEV A. G.; SEIDEL H.-P 2004,$O(n^2)$,,,an undefined parameter,False,family has no usable input-size parameter
Mesh Parameterization,Mesh Parameterization,(general),serial,2005.0,KARNI Z.; GOTSMAN C.; GORTLER S. J. 2005,$O(n^2)$,,,an undefined parameter,False,family has no usable input-size parameter
Mesh Parameterization,Mesh Parameterization,(general),serial,2005.0,SHEFFER A.; LÉVY B.; MOGILNITSKY M.; BOGOMYAKOV A. 2005,$O(n^2)$,,,an undefined parameter,False,family has no usable input-size parameter
Mesh Parameterization,Mesh Parameterization,(general),serial,2005.0,ZAYER R.; ROESSL C.; SEIDEL H.-P 2005,$O(n \log n)$,,,an undefined parameter,False,family has no usable input-size parameter
Mesh Parameterization,Mesh Parameterization,(general),serial,2006.0,YAN J. Q.; YANG X.; SHI P. F 2006,$O(n^2)$,,,an undefined parameter,False,family has no usable input-size parameter
Mesh Parameterization,Mesh Parameterization,(general),serial,2007.0,ZAYER R.; LÉVY B.; SEIDEL H.-P. 2007,$O(n)$,,,an undefined parameter,False,family has no usable input-size parameter
Mesh Parameterization,Mesh Parameterization,(general),serial,2007.0,CHEN Z. G.; LIU L. G.; ZHANG Z. Y.; WANG G. J. 2007,$O(n^2)$,,,an undefined parameter,False,family has no usable input-size parameter
Mesh Parameterization,Mesh Parameterization,(general),serial,2008.0,YANG Y.; KIM J.; LUO F.; HU S.; GU X. 2008,$O(n \log \log n)$,,,an undefined parameter,False,family has no usable input-size parameter
Mesh Parameterization,Mesh Parameterization,(general),serial,2008.0,BEN-CHEN M.; GOTSMAN C.; BUNIN G. 2008,$O(n \log^2 n)$,,,an undefined parameter,False,family has no usable input-size parameter
Mesh Parameterization,Mesh Parameterization,(general),serial,2008.0,SPRINGBORN B.; SCHROEDER P.; PINKALL U. 2008,$O(n \log^2 n)$,,,an undefined parameter,False,family has no usable input-size parameter
Mesh Simplification,Mesh Simplification,(general),serial,1991.0,Coplanar facets merging - M.J. De Haemer and M.J. Zyda 1991,,,,an undefined parameter,False,"approximation algorithm, not comparable to an exact runtime"
Mesh Simplification,Mesh Simplification,(general),serial,1991.0,Coplanar facets merging - Kalvin; A. D.; Cutting; C. B.; Haddad; B. and Noz; M. E. 1991,,,,an undefined parameter,False,"approximation algorithm, not comparable to an exact runtime"
Mesh Simplification,Mesh Simplification,(general),serial,1992.0,Re-tiling - Turk; G 1992,,,,an undefined parameter,False,"approximation algorithm, not comparable to an exact runtime"
Mesh Simplification,Mesh Simplification,(general),serial,1993.0,Coplanar facets merging - Hinker; P. and Hansen; C. 1993,,,,an undefined parameter,False,"approximation algorithm, not comparable to an exact runtime"
Mesh Simplification,Mesh Simplification,(general),serial,1993.0,Vertex clustering - Rossignac; J. and Borrel; P. 1993,,,,an undefined parameter,False,"approximation algorithm, not comparable to an exact runtime"
Mesh Simplification,Mesh Simplification,(general),serial,1993.0,Vertex clustering - Hoppe; H.; DeRose; T.; 1993,,,,an undefined parameter,False,"approximation algorithm, not comparable to an exact runtime"
Mesh Simplification,Mesh Simplification,(general),serial,1994.0,Controlled vertex/edge/face decimation - Hamann 1994,,,,an undefined parameter,False,"approximation algorithm, not comparable to an exact runtime"
Mesh Simplification,Mesh Simplification,(general),serial,1995.0,Wavelet-based - D.J. Hebert and H-J. Kim 1995,,,,an undefined parameter,False,"approximation algorithm, not comparable to an exact runtime"
Mesh Simplification,Mesh Simplification,(general),serial,1995.0,Wavelet-based - Eck; M.; DeRose; T.; 1995,,,,an undefined parameter,False,"approximation algorithm, not comparable to an exact runtime"
Mesh Simplification,Mesh Simplification,(general),serial,1995.0,Simplification via intermediate hierarchical rep-resentation - He; T.; Hong; L.; Kaufman 1995,,,,an undefined parameter,False,"approximation algorithm, not comparable to an exact runtime"
Mesh Simplification,Mesh Simplification,(general),serial,1996.0,Coplanar facets merging - A.D. Kalvin and R.H. Taylor 1996,,,,an undefined parameter,False,"approximation algorithm, not comparable to an exact runtime"
Mesh Simplification,Mesh Simplification,(general),serial,1996.0,Controlled vertex/edge/face decimation - M.E. Algorri and F. Schmitt 1996,,,,an undefined parameter,False,"approximation algorithm, not comparable to an exact runtime"
Mesh Simplification,Mesh Simplification,(general),serial,1996.0,Controlled vertex/edge/face decimation - Guéziec 1996,,,,an undefined parameter,False,"approximation algorithm, not comparable to an exact runtime"
Mesh Simplification,Mesh Simplification,(general),serial,1996.0,Controlled vertex/edge/face decimation - R. Ronfard and J. Rossignac 1996,,,,an undefined parameter,False,"approximation algorithm, not comparable to an exact runtime"
Mesh Simplification,Mesh Simplification,(general),serial,1996.0,Controlled vertex/edge/face decimation - Cohen; J.; Varshney; A 1996,,,,an undefined parameter,False,"approximation algorithm, not comparable to an exact runtime"
Mesh Simplification,Mesh Simplification,(general),serial,1996.0,Vertex clustering - Reddy 1996,,,,an undefined parameter,False,"approximation algorithm, not comparable to an exact runtime"
Mesh Simplification,Mesh Simplification,(general),serial,1996.0,Wavelet-based - M.H. Gross; O.G. Staadt and R. Gatti 1996,,,,an undefined parameter,False,"approximation algorithm, not comparable to an exact runtime"
Mesh Simplification,Mesh Simplification,(general),serial,1996.0,Wavelet-based - Certain; A.; Popovic; J.; 1996,,,,an undefined parameter,False,"approximation algorithm, not comparable to an exact runtime"
Mesh Simplification,Mesh Simplification,(general),serial,1996.0,Simplification via intermediate hierarchical rep-resentation - Andujar 1996,,,,an undefined parameter,False,"approximation algorithm, not comparable to an exact runtime"
Mesh Simplification,Mesh Simplification,(general),serial,1996.0,Simplification via intermediate hierarchical rep-resentation - He; T.; Hong; 1996,,,,an undefined parameter,False,"approximation algorithm, not comparable to an exact runtime"
Mesh Simplification,Mesh Simplification,(general),serial,1997.0,Vertex clustering - Low; K. L. and Tan; T. S 1997,,,,an undefined parameter,False,"approximation algorithm, not comparable to an exact runtime"
Mesh Simplification,Mesh Simplification,(general),serial,1997.0,Vertex clustering - Rossignac; J. and Borrel; P. 1997,,,,an undefined parameter,False,"approximation algorithm, not comparable to an exact runtime"
Minimum Spanning Tree,"Undirected, General MST; Undirected, Dense MST","undirected, dense mst; undirected, general mst",parallel,1977.0,Savage,$O(n^2*\log(n))$,n,vertices,vertices in the graph,True,kept
Minimum Spanning Tree,"Undirected, General MST; Undirected, Dense MST","undirected, dense mst; undirected, general mst",parallel,1979.0,"Hirschberg, Chandra, Sarwate",$O(n^2*\log(n))$,n,vertices,vertices in the graph,True,kept
Minimum Spanning Tree,"Undirected, General MST; Undirected, Dense MST","undirected, dense mst; undirected, general mst",parallel,1981.0,Deo and Yoo (1),$O(n^2)$,n,vertices,vertices in the graph,True,kept
Minimum Spanning Tree,"Undirected, General MST; Undirected, Dense MST","undirected, dense mst; undirected, general mst",parallel,1981.0,Deo and Yoo (2),$O(n^2 \log n)$,n,vertices,vertices in the graph,True,kept
Minimum Spanning Tree,"Undirected, General MST; Undirected, Dense MST","undirected, dense mst; undirected, general mst",parallel,1981.0,Savage and Ja'Ja',$O(n^2*\log^2(n))$,n,vertices,vertices in the graph,True,kept
Minimum Spanning Tree,"Undirected, General MST; Undirected, Dense MST","undirected, dense mst; undirected, general mst",parallel,1982.0,Nath and Maheshwari (1),$O(n^2*\log(n))$,n,vertices,vertices in the graph,True,kept
Minimum Spanning Tree,"Undirected, General MST; Undirected, Dense MST","undirected, dense mst; undirected, general mst",parallel,1982.0,Nath and Maheshwari (2),$O(n^2*\log^2(n))$,n,vertices,vertices in the graph,True,kept
Minimum Spanning Tree,"Undirected, General MST; Undirected, Dense MST","undirected, dense mst; undirected, general mst",parallel,1982.0,Kucera,$O(n^5 \log n)$,,,vertices in the graph,False,"measured in edges in the graph, but this family is compared in vertices in the graph"
Minimum Spanning Tree,"Undirected, General MST; Undirected, Dense MST","undirected, dense mst; undirected, general mst",parallel,1982.0,Chin et al.,$O(n^2)$,n,vertices,vertices in the graph,True,kept
Minimum Spanning Tree,"Undirected, General MST; Undirected, Dense MST","undirected, dense mst; undirected, general mst",parallel,1982.0,Hirschberg,$O(n^3 \log n)$,n,vertices,vertices in the graph,True,kept
Minimum Spanning Tree,"Undirected, General MST; Undirected, Dense MST","undirected, dense mst; undirected, general mst",parallel,1983.0,Yoo,$O(m^2)$,,,vertices in the graph,False,"measured in edges in the graph, but this family is compared in vertices in the graph"
Minimum Spanning Tree,Directed Spanning Forest,directed spanning forest,parallel,1984.0,"Tsin, Chin",$O(n^2 \log n)$,n,vertices,vertices in the graph,True,kept
Minimum Spanning Tree,"Undirected, General MST; Undirected, Dense MST","undirected, dense mst; undirected, general mst",parallel,1986.0,Akl,$O(n^2)$,n,vertices,vertices in the graph,True,kept
Minimum Spanning Tree,"Undirected, General MST; Undirected, Dense MST","undirected, dense mst; undirected, general mst",parallel,1986.0,"Cole, Vishkin",$O((n + m)\log \log n)$,n,vertices,vertices in the graph,True,kept; substituted worst-case edges in the graph for 'm'
Minimum Spanning Tree,"Undirected, General MST; Undirected, Dense MST","undirected, dense mst; undirected, general mst",parallel,1987.0,"Awerbuch, Shiloach (1)",$O(n^2 \log^2(n))$,n,vertices,vertices in the graph,True,kept
Minimum Spanning Tree,"Undirected, Dense MST; Undirected, Dense MST","undirected, dense mst",parallel,1987.0,"Awerbuch, Shiloach (2)",$O(m \log m)$,,,vertices in the graph,False,"measured in edges in the graph, but this family is compared in vertices in the graph"
Minimum Spanning Tree,"Undirected, Dense MST","undirected, dense mst",parallel,1987.0,"Driscoll, Gabow, Shrairman, Tarjan",$O(m)$,,,vertices in the graph,False,"measured in edges in the graph, but this family is compared in vertices in the graph"
Minimum Spanning Tree,"Undirected, General MST; Undirected, Dense MST","undirected, dense mst; undirected, general mst",parallel,1990.0,"Kruskal, Rudolph, Snir",$O(m*\log(n))$,n,vertices,vertices in the graph,True,kept; substituted worst-case edges in the graph for 'm'
Minimum Spanning Tree,"Undirected, General MST; Undirected, Dense MST","undirected, dense mst; undirected, general mst",parallel,1991.0,"Cole, Vishkin",$O(n \log n + m)$,n,vertices,vertices in the graph,True,kept; substituted worst-case edges in the graph for 'm'
Minimum Spanning Tree,"Undirected, General MST; Undirected, Dense MST","undirected, dense mst; undirected, general mst",parallel,1991.0,Gazit,$O(m+n)$,n,vertices,vertices in the graph,True,kept; substituted worst-case edges in the graph for 'm'
Minimum Spanning Tree,"Undirected, General MST; Undirected, Dense MST","undirected, dense mst; undirected, general mst",parallel,1992.0,"Johnson, Metaxas",$O(\log^{3/2}(n)*(n+m))$,n,vertices,vertices in the graph,True,kept; substituted worst-case edges in the graph for 'm'
Minimum Spanning Tree,"Undirected, General MST; Undirected, Dense MST","undirected, dense mst; undirected, general mst",parallel,1992.0,Karger,$m + n^{1+eps}*\log(n) for any eps>0$,,,vertices in the graph,False,formula not usable: could not parse 'm + n^(1+eps)* log (n) for any eps>0' (SyntaxError)
Minimum Spanning Tree,"Undirected, General MST; Undirected, Dense MST","undirected, dense mst; undirected, general mst",parallel,1993.0,"Suraweera, Bhattacharya",$O(m \log m)$,,,vertices in the graph,False,"measured in edges in the graph, but this family is compared in vertices in the graph"
Minimum Spanning Tree,"Undirected, General MST; Undirected, Dense MST","undirected, dense mst; undirected, general mst",parallel,1993.0,"Chong, Lam",$O((n+m) \log n \log \log n)$,n,vertices,vertices in the graph,True,kept; substituted worst-case edges in the graph for 'm'
Minimum Spanning Tree,"Undirected, General MST; Undirected, Dense MST","undirected, dense mst; undirected, general mst",parallel,1996.0,"Cole, Klein, Tarjan",$O(n+m)$,n,vertices,vertices in the graph,True,kept; substituted worst-case edges in the graph for 'm'
Minimum Spanning Tree,"Undirected, General MST; Undirected, Dense MST","undirected, dense mst; undirected, general mst",parallel,1996.0,Chong,$O((n+m) \log n \log \log n)$,n,vertices,vertices in the graph,True,kept; substituted worst-case edges in the graph for 'm'
Minimum Spanning Tree,"Undirected, General MST; Undirected, Dense MST","undirected, dense mst; undirected, general mst",parallel,1997.0,"Poon, Ramachandran",,,,vertices in the graph,False,formula not usable: no formula recorded
Minimum Spanning Tree,"Undirected, General MST; Undirected, Dense MST","undirected, dense mst; undirected, general mst",parallel,1997.0,Zaroliagis (1),$O(m \log n)$,n,vertices,vertices in the graph,True,kept; substituted worst-case edges in the graph for 'm'
Minimum Spanning Tree,"Undirected, General MST; Undirected, Dense MST","undirected, dense mst; undirected, general mst",parallel,1997.0,Zaroliagis (2),$O(m \log n)$,n,vertices,vertices in the graph,True,kept; substituted worst-case edges in the graph for 'm'
Minimum Spanning Tree,"Undirected, Dense MST","undirected, dense mst",parallel,1998.0,"Dehne, Gotz","$T_seq(n,m/p) + 2*T_seq(n, Dn) + O(n) + g*n + L*\log p$",,,vertices in the graph,False,formula not usable: nested asymptotic notation has no determinate value
Minimum Spanning Tree,"Undirected, Dense MST","undirected, dense mst",parallel,1998.0,"Adler, Dittrich, Juurlink, Kutylowski, Rieping (1)",$O(m/p + n * \log \log p + g * n + L* \log p)$,,,vertices in the graph,False,"formula depends on too many parameters (L, g, m, n, p)"
Minimum Spanning Tree,"Undirected, Dense MST","undirected, dense mst",parallel,1998.0,"Adler, Dittrich, Juurlink, Kutylowski, Rieping (2)",$O(m/p + n + g*m/p^{1+eps/2} + L)$,,,vertices in the graph,False,"formula depends on too many parameters (L, g, m, n, p, s)"
Minimum Spanning Tree,"all but very sparse graphs; Undirected, Dense MST","all but very sparse graphs; undirected, dense mst",parallel,1998.0,"Adler, Dittrich, Juurlink, Kutylowski, Rieping (3)",$O(m/p + n/p*\log p + g*(m/p + n/p*\log p) + L*(\log^2(p)/\log((m+n)/p)))$,,,vertices in the graph,False,"formula depends on too many parameters (L, g, m, n, p)"
Minimum Spanning Tree,"Undirected, General MST; Undirected, Dense MST","undirected, dense mst; undirected, general mst",parallel,1999.0,"Chong, Han, Lam",$O((n+m)*\log n)$,n,vertices,vertices in the graph,True,kept; substituted worst-case edges in the graph for 'm'
Minimum Spanning Tree,"Undirected, General MST; Undirected, Dense MST","undirected, dense mst; undirected, general mst",parallel,1999.0,"PETTIE, RAMACHANDRAN (1)",$O(m+n)$,n,vertices,vertices in the graph,True,kept; substituted worst-case edges in the graph for 'm'
Minimum Spanning Tree,"Undirected, General MST; Undirected, Dense MST","undirected, dense mst; undirected, general mst",parallel,1999.0,"Pettie, Ramachandran (2)",$O(m+n)$,n,vertices,vertices in the graph,True,kept; substituted worst-case edges in the graph for 'm'
Minimum Spanning Tree,"Undirected, General MST; Undirected, Dense MST","undirected, dense mst; undirected, general mst",parallel,2000.0,"Halperin, Zwick",$O(m+n)$,n,vertices,vertices in the graph,True,kept; substituted worst-case edges in the graph for 'm'
Minimum Spanning Tree,"Undirected, General MST; Undirected, Dense MST","undirected, dense mst; undirected, general mst",parallel,2001.0,"Chong, Han, Igarashi, Lam (1)",$O((m+n)*sqrt(\log n))$,n,vertices,vertices in the graph,True,kept; substituted worst-case edges in the graph for 'm'
Minimum Spanning Tree,"Undirected, General MST; Undirected, Dense MST","undirected, dense mst; undirected, general mst",parallel,2001.0,"Chong, Han, Igarashi, Lam (2)",$O((m+n)*\log \log n)$,n,vertices,vertices in the graph,True,kept; substituted worst-case edges in the graph for 'm'
Minimum Spanning Tree,"Undirected, Dense MST","undirected, dense mst",parallel,2001.0,"Chong, Han, Igarashi, Lam (3)",$O(n^2)$,n,vertices,vertices in the graph,True,kept
Minimum Spanning Tree,"Undirected, General MST; Undirected, Dense MST","undirected, dense mst; undirected, general mst",parallel,2001.0,"Chong, Han, Lam",$O(m+n*\log n)$,n,vertices,vertices in the graph,True,kept; substituted worst-case edges in the graph for 'm'
Minimum Spanning Tree,"Undirected, General MST; Undirected, Dense MST","undirected, dense mst; undirected, general mst",parallel,2001.0,"Pettie, Ramachandran",$O(m+n)$,n,vertices,vertices in the graph,True,kept; substituted worst-case edges in the graph for 'm'
Minimum Spanning Tree,"Undirected, General MST; Undirected, Dense MST","undirected, dense mst; undirected, general mst",parallel,2002.0,"AHRABIAN, NOWZARI-DALINI (1)",$O(n^3)$,n,vertices,vertices in the graph,True,kept
Minimum Spanning Tree,"Undirected, General MST; Undirected, Dense MST","undirected, dense mst; undirected, general mst",parallel,2002.0,"AHRABIAN, NOWZARI-DALINI (2)",$O(n^3)$,n,vertices,vertices in the graph,True,kept
Minimum Spanning Tree,"Undirected, General MST; Undirected, Dense MST","undirected, dense mst; undirected, general mst",parallel,2006.0,Bader & Cong Parallel Implementation,$O(E\log(V)$,V,vertices,vertices in the graph,True,kept; substituted worst-case edges in the graph for 'E'
Minimum Spanning Tree,"Undirected, General MST; Undirected, Dense MST","undirected, dense mst; undirected, general mst",parallel,2013.0,"Tripathy, Ray",$O(m*\log(n))$,n,vertices,vertices in the graph,True,kept; substituted worst-case edges in the graph for 'm'
Minimum Spanning Tree,"Undirected, General MST","undirected, general mst",quantum,2003.0,Heiligman,O(n^(7/4)),n,vertices,vertices in the graph,True,kept
Minimum Spanning Tree,"Undirected, General MST (Adjacency List Model)","undirected, general mst",quantum,2004.0,"Dürr, Heiligman, Høyer, Mhalla 2",O(sqrt(n*m)),n,vertices,vertices in the graph,True,kept; substituted worst-case edges in the graph for 'm'
Minimum Spanning Tree,"Undirected, General MST (Adjacency Matrix Model)","undirected, general mst",quantum,2004.0,"Dürr, Heiligman, Høyer, Mhalla 2",O(n^(3/2)),n,vertices,vertices in the graph,True,kept
Minimum Spanning Tree,"Undirect, Verification","undirect, verification",quantum,2011.0,Heiligman,O(n + sqrt(m) * log(n)),n,vertices,vertices in the graph,True,kept; substituted worst-case edges in the graph for 'm'
Minimum Spanning Tree,"Undirected, General MST (Quantum Walks)","undirected, general mst",quantum,2025.0,"Luiz, Fanchini, de Albuquerque, Papa, de Oliviera",O(n^2),n,vertices,vertices in the graph,True,kept
Minimum Spanning Tree,"Undirected, General MST","undirected, general mst",serial,1926.0,Borůvka's algorithm,$O(E \log V)$,,,vertices in the graph,False,year missing or outside 1950-2026
Minimum Spanning Tree,"Undirected, General MST","undirected, general mst",serial,1956.0,Kruskal's algorithm,$O(E \log E)$,,,vertices in the graph,False,"measured in edges in the graph, but this family is compared in vertices in the graph"
Minimum Spanning Tree,"Undirected, General MST","undirected, general mst",serial,1957.0,Prim's algorithm + adjacency matrix searching,$O(V^2)$,V,vertices,vertices in the graph,True,kept
Minimum Spanning Tree,"Undirected, General MST","undirected, general mst",serial,1975.0,Yao's algorithm,$O(E \log \log V)$,V,vertices,vertices in the graph,True,kept; substituted worst-case edges in the graph for 'E'
Minimum Spanning Tree,"Undirected, General MST","undirected, general mst",serial,1976.0,Cheriton-Tarjan Algorithm,$O(E \log \log V)$,V,vertices,vertices in the graph,True,kept; substituted worst-case edges in the graph for 'E'
Minimum Spanning Tree,"Undirected, General MST","undirected, general mst",serial,1987.0,Prim's algorithm + Fibonacci heaps; Fredman & Tarjan,$O(E + V \log V)$,V,vertices,vertices in the graph,True,kept; substituted worst-case edges in the graph for 'E'
Minimum Spanning Tree,"Undirected, General MST","undirected, general mst",serial,1991.0,Kruskal’s algorithm with demand-sorting,$O(E \log V)$,V,vertices,vertices in the graph,True,kept; substituted worst-case edges in the graph for 'E'
Minimum Spanning Tree,"Undirected, General MST","undirected, general mst",serial,1995.0,Karger; Klein & Tarjan,"$O(\min(V^2, E \log V))$",V,vertices,vertices in the graph,True,kept; substituted worst-case edges in the graph for 'E'
Minimum Spanning Tree,"Undirected, General MST","undirected, general mst",serial,2000.0,Chazelle's algorithm,"$O(E \alpha(E, V))$",V,vertices,vertices in the graph,True,kept; substituted worst-case edges in the graph for 'E'
Minimum Spanning Tree,"Undirected, General MST","undirected, general mst",serial,2000.0,Thorup (reverse-delete),$O(E \log V (\log \log V)^3)$,V,vertices,vertices in the graph,True,kept; substituted worst-case edges in the graph for 'E'
Minimum Spanning Tree,"Undirected, General MST","undirected, general mst",serial,2006.0,Quick Kruskal algorithm,$O(E \log V)$,V,vertices,vertices in the graph,True,kept; substituted worst-case edges in the graph for 'E'
Minimum Spanning Tree,"Undirected, General MST","undirected, general mst",serial,2009.0,Filter Kruskal algorithm,$O(E \log V)$,V,vertices,vertices in the graph,True,kept; substituted worst-case edges in the graph for 'E'
Minimum Value in Each Row of an Implicitly-defined Totally Monotone Matrix,,(general),serial,1940.0,Naive algorithm,$O(mn)$,,,an undefined parameter,False,year missing or outside 1950-2026
Minimum Value in Each Row of an Implicitly-defined Totally Monotone Matrix,,(general),serial,1987.0,SMAWK algorithm,$O(n(1+\log(m/n)))$,,,an undefined parameter,False,family has no usable input-size parameter
Motif Search,,(general),parallel,2014.0,"Abbas, Abouelhoda, Bahig, Mohie-Eldin",,,,an undefined parameter,False,formula not usable: no formula recorded
Motif Search,Edit-distance-based Motif Search,edit-distance-based motif search,parallel,2023.0,"Ebnenasir, Qiu (recursEMS)",,,,an undefined parameter,False,formula not usable: no formula recorded
Motif Search,Edit-distance-based Motif Search,edit-distance-based motif search,parallel,2023.0,"Ebnenasir, Qiu (parEMS)",,,,an undefined parameter,False,formula not usable: no formula recorded
Motif Search,Motif Search,(general),serial,1990.0,"Lawrence, Reilly",$O(nm)$,,,an undefined parameter,False,"approximation algorithm, not comparable to an exact runtime"
Motif Search,Motif Search,(general),serial,1993.0,Lawrence Gibbs Sampling,$O(nm)$,,,an undefined parameter,False,"approximation algorithm, not comparable to an exact runtime"
Motif Search,Motif Search,(general),serial,1995.0,Bailey TL; Elkan C MEME,$O(n^2m^2)$,,,an undefined parameter,False,family has no usable input-size parameter
Motif Search,Motif Search,(general),serial,1998.0,Speller (Sagot),$O(mn^2 \sigma)$,,,an undefined parameter,False,family has no usable input-size parameter
Motif Search,Motif Search,(general),serial,1998.0,Roth AlignACE,$O(nm)$,,,an undefined parameter,False,"approximation algorithm, not comparable to an exact runtime"
Motif Search,Short Olio,short olio,serial,1998.0,Helden Oligo-Analysis,$O(mn)$,,,an undefined parameter,False,family has no usable input-size parameter
Motif Search,Motif Search,(general),serial,1999.0,Tompa M,$O(mn)$,,,an undefined parameter,False,family has no usable input-size parameter
Motif Search,Short Spaced Olio,short spaced olio,serial,2000.0,van Helden J; Rios AF; Collado-Vides J,$O(mn)$,,,an undefined parameter,False,family has no usable input-size parameter
Motif Search,Z-Score,z-score,serial,2000.0,Sinha S; Tompa M YMF (Yeast Motif Finder),$O(n^{0.66} m)$,,,an undefined parameter,False,family has no usable input-size parameter
Motif Search,Motif Search,(general),serial,2001.0,MotifSampler,$O(nm)$,,,an undefined parameter,False,"approximation algorithm, not comparable to an exact runtime"
Motif Search,Motif Search,(general),serial,2002.0,Mitra,$O(k nm \sigma)$,,,an undefined parameter,False,"formula depends on too many parameters (k, m, n, sigma)"
Motif Search,Motif Search,(general),serial,2003.0,Census,$O(k nm \sigma)$,,,an undefined parameter,False,"formula depends on too many parameters (k, m, n, sigma)"
Motif Search,Clique Variant,clique variant,serial,2003.0,Liang Cwinnower,$O(nm^{0.5})$,,,an undefined parameter,False,family has no usable input-size parameter
Motif Search,Motif Search,(general),serial,2006.0,Risotto,$O(mn^2 \sigma)$,,,an undefined parameter,False,family has no usable input-size parameter
Motif Search,Motif Search,(general),serial,2006.0,Kingsford,$O(mn)$,,,an undefined parameter,False,family has no usable input-size parameter
Motif Search,Motif Search,(general),serial,2007.0,PMS,$O(nm^2 \sigma)$,,,an undefined parameter,False,family has no usable input-size parameter
Multiplication,Multiplication,(general),parallel,1963.0,Karatsuba,$O(n^log_2(3))$,,,bits of input,False,"measured in length integers, but this family is compared in bits of input"
Multiplication,Multiplication,(general),parallel,1963.0,Toom–Cook,"$O(n c^sqrt(\log n)), i.e. O(n^(1+\epsilon))$",,,bits of input,False,formula not usable: nested asymptotic notation has no determinate value
Multiplication,Multiplication,(general),parallel,1971.0,Schönhage–Strassen,$O(n \log n \log \log n)$,,,bits of input,False,"measured in length integers, but this family is compared in bits of input"
Multiplication,Multiplication,(general),parallel,1988.0,"Sinha, Srimani",$O(n^2 \log n)$,,,bits of input,False,"measured in length integers, but this family is compared in bits of input"
Multiplication,Multiplication,(general),parallel,1996.0,"CESARI, MAEDER (parallel Karatsuba's) (1)",$O(n^{1+\log 3})$,,,bits of input,False,"measured in length integers, but this family is compared in bits of input"
Multiplication,Multiplication,(general),parallel,1996.0,"CESARI, MAEDER (parallel Karatsuba's) (2)",$O(n^2 \log n)$,,,bits of input,False,"measured in length integers, but this family is compared in bits of input"
Multiplication,,(general),parallel,2003.0,"Bunimov, Schimmler",$O(n^2 / \log^2 n)$,,,bits of input,False,"measured in length integers, but this family is compared in bits of input"
Multiplication,Multiplication,(general),parallel,2007.0,Furer,$O(n \log n 2^O(\log* n)$,,,bits of input,False,formula not usable: nested asymptotic notation has no determinate value
Multiplication,Multiplication,(general),parallel,2010.0,De Stefani (COPSIM),$O(n^2)$,,,bits of input,False,"measured in length integers, but this family is compared in bits of input"
Multiplication,Multiplication,(general),parallel,2010.0,De Stefani (COPK - Karatsuba),$O(n^\log 3)$,,,bits of input,False,"measured in length integers, but this family is compared in bits of input"
Multiplication,,(general),parallel,2013.0,Chmielowiec (existing FFT-based algorithm?),$O((n \log n)(k \log k))$,,,bits of input,False,"also depends on 'n' (degree polynomial), which has no worst-case bound in terms of bits of input"
Multiplication,,(general),parallel,2014.0,"Tembhurne, Sathe (1)",$O(n^log_2(3))$,,,bits of input,False,"measured in length integers, but this family is compared in bits of input"
Multiplication,,(general),parallel,2014.0,"Tembhurne, Sathe (2)",$O(n^log_3(5))$,,,bits of input,False,cannot tell what log_3 means (no definition given and the family is inconsistent)
Multiplication,Multiplication,(general),parallel,2014.0,"Harvey, van der Hoeven, Lecerf (2014)",$O(n \log n 8^(\log* n)$,,,bits of input,False,"measured in length integers, but this family is compared in bits of input"
Multiplication,Multiplication,(general),parallel,2017.0,Harvey (2017),$O(n \log n 6^(\log* n)$,,,bits of input,False,"measured in length integers, but this family is compared in bits of input"
Multiplication,Multiplication,(general),parallel,2017.0,"Harvey, van der Hoeven (2017)",$O(n \log n (4sqrt(2))^(\log* n)$,,,bits of input,False,"measured in length integers, but this family is compared in bits of input"
Multiplication,Multiplication,(general),parallel,2018.0,"Harvey, van der Hoeven (2018)",$O(n \log n 4^(\log* n)$,,,bits of input,False,"measured in length integers, but this family is compared in bits of input"
Multiplication,Multiplication,(general),parallel,2019.0,"Harvey, van der Hoeven (2019)",$O(n \log n)$,,,bits of input,False,"measured in length integers, but this family is compared in bits of input"
Multiplication,,(general),quantum,2004.0,Schoolbook,Circuit Depth: O(log(n)),,,bits of input,False,cannot tell what n means (no definition given and the family is inconsistent)
Multiplication,,(general),quantum,2015.0,Karatsuba,Toffolli Gates: O(n^(log2(3)),,,bits of input,False,"cell reports a gate count, not circuit depth; not comparable to a running time"
Multiplication,,(general),quantum,2016.0,Shift-and-Add,n^2,n,input_bits,bits of input,True,kept
Multiplication,,(general),quantum,2017.0,Karatsuba,Toffolli Gates: O(n^(log2(3)),,,bits of input,False,"cell reports a gate count, not circuit depth; not comparable to a running time"
Multiplication,,(general),quantum,2018.0,Toom-Cook 2.5,Toffli Depth: O(n^1.143),,,bits of input,False,cannot tell what n means (no definition given and the family is inconsistent)
Multiplication,,(general),quantum,2018.0,Shift-and-Add,n^2,n,input_bits,bits of input,True,kept
Multiplication,,(general),quantum,2019.0,Windowed,Toffoli Count: O(n^2 / logn),,,bits of input,False,"cell reports a gate count, not circuit depth; not comparable to a running time"
Multiplication,,(general),quantum,2020.0,Karatsuba,"Toffoli Gates: O(n^(log2(3)), CNOT Gates: O(n^2)",,,bits of input,False,"cell reports a gate count, not circuit depth; not comparable to a running time"
Multiplication,,(general),quantum,2021.0,Wallace Tree,,,,bits of input,False,formula not usable: no formula recorded
Multiplication,,(general),quantum,2021.0,Toom-Cook 3,Toffli Depth: O(n^1.143),,,bits of input,False,cannot tell what n means (no definition given and the family is inconsistent)
Multiplication,,(general),quantum,2023.0,Karatsuba,Tofoli Depth: 1,,,bits of input,False,formula is a constant with no problem size
Multiplication,,(general),quantum,2023.0,Schönhage-Strassen,Circuit Depth: O(log^2(n)),,,bits of input,False,cannot tell what n means (no definition given and the family is inconsistent)
Multiplication,,(general),quantum,2023.0,Toom-Cook 8,Toffoli Depth: O(n^1.10569),,,bits of input,False,cannot tell what n means (no definition given and the family is inconsistent)
Multiplication,,(general),quantum,2023.0,Quantum Multiplication Algorithm Based on the Convolution Theorem,O(sqrt(n) log^2 (n)),n,input_bits,bits of input,True,kept
Multiplication,,(general),quantum,2024.0,Zero Ancillas,O(n^(log_k 2)),,,bits of input,False,cannot tell what log_k means (no definition given and the family is inconsistent)
Multiplication,,(general),quantum,2025.0,Wallace Tree,,,,bits of input,False,formula not usable: no formula recorded
Multiplication,,(general),quantum,2025.0,Asymptotic yet practical optimization of quantum circuits implement...,O(m^(log_2 (3)),,,bits of input,False,"measured in galois field parameter, but this family is compared in bits of input"
Multiplication,,(general),quantum,2025.0,Quantum binary field multiplication with subquadratic Toffoli gate ...,O(n^log_2 (3)),,,bits of input,False,"measured in galois field parameter, but this family is compared in bits of input"
Multiplication,Multiplication,(general),serial,1940.0,Long Multiplication,$O(n^2)$,,,bits of input,False,year missing or outside 1950-2026
Multiplication,Multiplication,(general),serial,1962.0,Karatsuba Algorithm,$O(n^{1.58})$,n,input_bits,bits of input,True,kept
Multiplication,Multiplication,(general),serial,1969.0,Toom-3,$O(n^{1.46})$,n,input_bits,bits of input,True,kept
Multiplication,Multiplication,(general),serial,1971.0,Schönhage–Strassen algorithm,$O(n \log n \log\log n)$,n,input_bits,bits of input,True,kept
Multiplication,Multiplication,(general),serial,2007.0,Furer's algorithm,$O(n \log n 2^{O(\log^*n)})$,,,bits of input,False,formula not usable: nested asymptotic notation has no determinate value
Multiplication,Multiplication,(general),serial,2008.0,De,$O(n \log n 2^{O(\log^*n)})$,,,bits of input,False,formula not usable: nested asymptotic notation has no determinate value
Multiplication,Multiplication,(general),serial,2015.0,Harvey; Hoeven; Lecerf,$O(n \log n 2^{3 \log^*n})$,n,input_bits,bits of input,True,kept
Multiplication,Multiplication,(general),serial,2015.0,Covanov and Thomé,$O(n \log n 2^{O(\log^*n)})$,,,bits of input,False,formula not usable: nested asymptotic notation has no determinate value
Multiplication,Multiplication,(general),serial,2016.0,Covanov and Thomé,$O(n \log n 2^{3 \log^*n})$,n,input_bits,bits of input,True,kept
Multiplication,Multiplication,(general),serial,2018.0,Harvey; Hoeven; Lecerf,$O(n \log n 2^{2 \log^*n})$,n,input_bits,bits of input,True,kept
Multiplication,Multiplication,(general),serial,2019.0,Harvey; Hoeven,$O(n \log n)$,n,input_bits,bits of input,True,kept
Mutual Exclusion,2-thread Mutual Exclusion,2-thread mutual exclusion,serial,1963.0,Dekker's algorithm,$O(n)$,n,processes,processes,True,kept
Mutual Exclusion,,(general),serial,1974.0,Lamport's bakery algorithm,$O(n)$,n,processes,processes,True,kept
Mutual Exclusion,,(general),serial,1981.0,Peterson's algorithm,$O(n)$,n,processes,processes,True,kept
Mutual Exclusion,,(general),serial,1985.0,Maekawa's algorithm,$O(n^{0.5})$,n,processes,processes,True,kept
Mutual Exclusion,,(general),serial,1985.0,Suzuki-Kasami's algorithm,$O(n)$? (originally this had $O(\log n)$),n,processes,processes,True,kept
Mutual Exclusion,,(general),serial,1988.0,Szymanski's algorithm,$O(n)$,n,processes,processes,True,kept
Mutual Exclusion,,(general),serial,1990.0,Chan-Singhal-Liu,$O(\log n)$,n,processes,processes,True,kept
Mutual Exclusion,,(general),serial,1996.0,Naimi-Trehel's algorithm,$O(\log n)$,n,processes,processes,True,kept
Mutual Exclusion,,(general),serial,1997.0,Raymond's algorithm,$O(\log n)$? (originally this had $O(n)$),n,processes,processes,True,kept
Mutual Exclusion,,(general),serial,2004.0,Taubenfeld's black-white bakery algorithm,$O(n)$,n,processes,processes,True,kept
N-queens Problem,Counting Solutions; Constructing solutions,constructing solutions; counting solutions,serial,1848.0,Naive Algorithm,$O(n^n)$,,,an undefined parameter,False,year missing or outside 1950-2026
N-queens Problem,Counting Solutions; Constructing solutions,constructing solutions; counting solutions,serial,1850.0,Naive + 1 queen per row restriction,$O(n!)$,,,an undefined parameter,False,year missing or outside 1950-2026
N-queens Problem,Counting Solutions; Constructing solutions,constructing solutions; counting solutions,serial,1874.0,Method of determinants,$O(n!)$,,,an undefined parameter,False,year missing or outside 1950-2026
N-queens Problem,Counting Solutions; Constructing solutions,constructing solutions; counting solutions,serial,1874.0,Gunther Determinants solution,$O(n!)$,,,an undefined parameter,False,year missing or outside 1950-2026
N-queens Problem,Counting Solutions; Constructing solutions,constructing solutions; counting solutions,serial,1972.0,Dijkstra,$O(n!)$,,,an undefined parameter,False,formula not usable: factorial runtimes are not evaluated
N-queens Problem,Counting Solutions,counting solutions,serial,1992.0,"Rivin, Zabih",$O(8^n \text{poly}(n))$,,,an undefined parameter,False,formula not usable: poly(...) has no determinate exponent
N-queens Problem,n-Queens Completion,n-queens completion,serial,2018.0,Grigoryan,$O(n)$,,,an undefined parameter,False,"approximation algorithm, not comparable to an exact runtime"
Nash Equilibria,2-Player,2-player,parallel,2008.0,Parallel Support Enumeration,$O(n^3*4^n)$,n,raw:rows columns payoff matrix,rows columns payoff matrix,True,kept
Nash Equilibria,2-Player,2-player,parallel,2009.0,Parallel Vertex Enumeration,$O(n^5*2.5981^(2n))$,n,raw:rows columns payoff matrix,rows columns payoff matrix,True,kept
Nash Equilibria,,(general),quantum,2019.0,Quantum algorithms for zero-sum games,,,,rows columns payoff matrix,False,formula not usable: no formula recorded
Nash Equilibria,,(general),quantum,2019.0,Sublinear quantum algorithms for training linear and kernel-based c...,,,,rows columns payoff matrix,False,formula not usable: no formula recorded
Nash Equilibria,,(general),quantum,2019.0,A Quantum Annealing Algorithm for Finding Pure Nash Equilibria in G...,,,,rows columns payoff matrix,False,formula not usable: no formula recorded
Nash Equilibria,,(general),quantum,2022.0,Calculating Nash Equilibrium on Quantum Annealers,,,,rows columns payoff matrix,False,formula not usable: no formula recorded
Nash Equilibria,,(general),quantum,2022.0,A Grover based Quantum Algorithm for Finding Pure Nash Equilibria i...,,,,rows columns payoff matrix,False,formula not usable: no formula recorded
Nash Equilibria,,(general),quantum,2023.0,A Quadratic Speedup in Finding Nash Equilibria of Quantum Zero-Sum ...,,,,rows columns payoff matrix,False,formula not usable: no formula recorded
Nash Equilibria,,(general),quantum,2024.0,Quantum algorithm for large-scale market equilibrium computation,,,,rows columns payoff matrix,False,formula not usable: no formula recorded
Nash Equilibria,,(general),quantum,2025.0,Near-Optimal Quantum Algorithms for Computing (Coarse) Correlated E...,,,,rows columns payoff matrix,False,formula not usable: no formula recorded
Nash Equilibria,2-player,2-player,serial,1964.0,Lemke–Howson algorithm,$2^{O(n+m)}$,,,rows columns payoff matrix,False,formula not usable: nested asymptotic notation has no determinate value
Nearest Neighbor Search,All Nearest Neighbors Search,all nearest neighbors search,parallel,1985.0,Goodrich,$O(n)$,,,elements in the input,False,"measured in input points, but this family is compared in elements in the input"
Nearest Neighbor Search,All Nearest Neighbors Search,all nearest neighbors search,parallel,1990.0,"Schieber, Vishkin",$O(n)$,,,elements in the input,False,"measured in input points, but this family is compared in elements in the input"
Nearest Neighbor Search,All k Nearest Neighbors Search; k Nearest Neighbors Search,all k nearest neighbors search; k nearest neighbors search,parallel,1992.0,"Frieze, Miller, Teng",$O(n \log{n})$,,,elements in the input,False,"measured in input points, but this family is compared in elements in the input"
Nearest Neighbor Search,All k Nearest Neighbors Search; k Nearest Neighbors Search,all k nearest neighbors search; k nearest neighbors search,parallel,1995.0,"Callahan, Kosaraju",$O(n \log{n})$,,,elements in the input,False,"measured in input points, but this family is compared in elements in the input"
Nearest Neighbor Search,k Nearest Neighbors Search,k nearest neighbors search,parallel,2002.0,Gavrilova,$O(n)$,,,elements in the input,False,cannot tell what n means (no definition given and the family is inconsistent)
Nearest Neighbor Search,All k Nearest Neighbors Search; k Nearest Neighbors Search,all k nearest neighbors search; k nearest neighbors search,parallel,2008.0,"Connor, Kumar",$O(nlogn + nk \log(k))$,,,elements in the input,False,"formula depends on too many parameters (g, k, l, n, o)"
Nearest Neighbor Search,k Nearest Neighbors Search; All Nearest Neighbors Search,all nearest neighbors search; k nearest neighbors search,parallel,2016.0,"Two-dimensional partitioning with query point replication - Xiao, Biros (1)",$O(n^2log(k))$,,,elements in the input,False,"measured in number nearest points compute, point set size, but this family is compared in elements in the input"
Nearest Neighbor Search,k Nearest Neighbors Search; All Nearest Neighbors Search,all nearest neighbors search; k nearest neighbors search,parallel,2016.0,"Cyclic partitioning - Xiao, Biros (2)",$O(n^2log(k))$,,,elements in the input,False,"measured in number nearest points compute, point set size, but this family is compared in elements in the input"
Nearest Neighbor Search,,(general),quantum,1996.0,A quantum algorithm for finding the minimum,,,,elements in the input,False,formula not usable: no formula recorded
Nearest Neighbor Search,,(general),quantum,1996.0,A quantum algorithm for finding the minimum,O(sqrt(N)),N,elements,elements in the input,True,kept
Nearest Neighbor Search,,(general),quantum,2013.0,Quantum algorithms for supervised and unsupervised machine learning,,,,elements in the input,False,formula not usable: no formula recorded
Nearest Neighbor Search,,(general),quantum,2013.0,Quantum speed-up for unsupervised learning,,,,elements in the input,False,formula not usable: no formula recorded
Nearest Neighbor Search,,(general),quantum,2013.0,Quantum algorithms for supervised and unsupervised machine learning,O(klog(kMN)),,,elements in the input,False,"measured in clusters, n dimensional vectors, vectors, but this family is compared in elements in the input"
Nearest Neighbor Search,,(general),quantum,2013.0,Quantum speed-up for unsupervised learning,,,,elements in the input,False,formula not usable: no formula recorded
Nearest Neighbor Search,,(general),quantum,2014.0,Quantum Algorithms for Nearest-Neighbor Methods for Supervised and ...,,,,elements in the input,False,formula not usable: no formula recorded
Nearest Neighbor Search,,(general),quantum,2014.0,Quantum Algorithms for Nearest-Neighbor Methods for Supervised and ...,O( sqrt(M) * s^2 / epsilon^2 ),,,elements in the input,False,"measured in additive error, number training vectors, sparsity, but this family is compared in elements in the input"
Nearest Neighbor Search,,(general),quantum,2017.0,Quantum Algorithm for K-Nearest Neighbors Classification Based on t...,,,,elements in the input,False,formula not usable: no formula recorded
Nearest Neighbor Search,,(general),quantum,2017.0,Quantum Algorithm for K-Nearest Neighbors Classification Based on t...,O(n^3),n,elements,elements in the input,True,kept
Nearest Neighbor Search,,(general),quantum,2018.0,q-means: A quantum algorithm for unsupervised machine learning,,,,elements in the input,False,formula not usable: no formula recorded
Nearest Neighbor Search,,(general),quantum,2018.0,q-means: A quantum algorithm for unsupervised machine learning,O~( (k d eta / delta^2) * kappa(V) * ( mu(V) + (k eta / delta) ) ; O~( k^2 d eta^2.5 / delta^3,,,elements in the input,False,formula not usable: could not parse '(k d eta / delta^2) * kappa*(V) * ( mu*(V) + (k eta / delta) ) ; O~( k^2 d eta^2.5 / delta^3)' (SyntaxError)
Nearest Neighbor Search,,(general),quantum,2021.0,Quantum k nearest neighbors algorithm,,,,elements in the input,False,formula not usable: no formula recorded
Nearest Neighbor Search,,(general),quantum,2021.0,Quantum K-nearest neighbor classification algorithm based on Hammin...,,,,elements in the input,False,formula not usable: no formula recorded
Nearest Neighbor Search,,(general),quantum,2021.0,Quantum k nearest neighbors algorithm,,,,elements in the input,False,formula not usable: no formula recorded
Nearest Neighbor Search,,(general),quantum,2021.0,Quantum K-nearest neighbor classification algorithm based on Hammin...,,,,elements in the input,False,formula not usable: no formula recorded
Nearest Neighbor Search,,(general),quantum,2022.0,Quantum K-nearest neighbors classification algorithm based on Mahal...,,,,elements in the input,False,formula not usable: no formula recorded
Nearest Neighbor Search,,(general),quantum,2022.0,Quantum version of the k-NN classifier based on a quantum sorting a...,,,,elements in the input,False,formula not usable: no formula recorded
Nearest Neighbor Search,,(general),quantum,2022.0,Quantum K-nearest neighbors classification algorithm based on Mahal...,,,,elements in the input,False,formula not usable: no formula recorded
Nearest Neighbor Search,,(general),quantum,2022.0,Quantum version of the k-NN classifier based on a quantum sorting a...,,,,elements in the input,False,formula not usable: no formula recorded
Nearest Neighbor Search,,(general),quantum,2023.0,An Enhanced Quantum K-Nearest Neighbor Classification Algorithm Bas...,,,,elements in the input,False,formula not usable: no formula recorded
Nearest Neighbor Search,,(general),quantum,2023.0,An Enhanced Quantum K-Nearest Neighbor Classification Algorithm Bas...,,,,elements in the input,False,formula not usable: no formula recorded
Nearest Neighbor Search,,(general),quantum,2024.0,Quantum Approximate k-Minimum Finding,,,,elements in the input,False,formula not usable: no formula recorded
Nearest Neighbor Search,,(general),quantum,2024.0,A quantum k-nearest neighbors algorithm based on the Euclidean dist...,,,,elements in the input,False,formula not usable: no formula recorded
Nearest Neighbor Search,,(general),quantum,2024.0,Quantum Approximate k-Minimum Finding,O~(sqrt(n*k)),,,elements in the input,False,"also depends on 'k' (number minimum elements be found), which has no worst-case bound in terms of elements in the input"
Nearest Neighbor Search,,(general),quantum,2024.0,A quantum k-nearest neighbors algorithm based on the Euclidean dist...,,,,elements in the input,False,formula not usable: no formula recorded
Nearest Neighbor Search,,(general),quantum,2025.0,Efficient Quantum Approximate kNN Algorithm via Granular-Ball Compu...,,,,elements in the input,False,formula not usable: no formula recorded
Nearest Neighbor Search,,(general),quantum,2025.0,Efficient Quantum Approximate kNN Algorithm via Granular-Ball Compu...,,,,elements in the input,False,formula not usable: no formula recorded
Nearest Neighbor Search,Nearest Neighbor Search (NNS),(general),serial,1940.0,Linear search,$O(n)$,,,elements in the input,False,year missing or outside 1950-2026
Nearest Neighbor Search,Nearest Neighbor Search (NNS),(general),serial,1975.0,k-d Tree,"k-d Tree construction: $O(n \log n)$
NNS: $O(n)$",n,elements,elements in the input,True,kept
Nearest Neighbor Search,Nearest Neighbor Search (NNS),(general),serial,1984.0,R-tree,"R-Tree construction: $O(n \log n)$
NNS: $O(n)$",n,elements,elements in the input,True,kept
Nearest Neighbor Search,k-ANNS,k-anns,serial,2018.0,Hierarchical Navigable Small World (HNSW),$O(n \log n)$,,,elements in the input,False,"approximation algorithm, not comparable to an exact runtime"
Nfa to DFA Conversion,,(general),serial,1959.0,Rabin–Scott powerset construction,$O(2^n)$,n,states,states,True,kept
Occupancy Grid Mapping,Occupancy Grid Mapping,(general),serial,2004.0,Maximum a Posteriori Occupancy Mapping,$O(n^3)$,,,an undefined parameter,False,"approximation algorithm, not comparable to an exact runtime"
One-way Hash Functions,Unkeyed Hash Functions,unkeyed hash functions,serial,1991.0,MD5,$O(n)$,n,string_length,input string length,True,kept
One-way Hash Functions,Unkeyed Hash Functions,unkeyed hash functions,serial,1993.0,SHA-1,$O(n)$,n,string_length,input string length,True,kept
One-way Hash Functions,Unkeyed Hash Functions,unkeyed hash functions,serial,1996.0,RIPEMD-160,$O(n)$,n,string_length,input string length,True,kept
One-way Hash Functions,Unkeyed Hash Functions,unkeyed hash functions,serial,1999.0,bcrypt,$O(n)$,n,string_length,input string length,True,kept
One-way Hash Functions,Unkeyed Hash Functions,unkeyed hash functions,serial,2001.0,SHA-2,$O(n)$,n,string_length,input string length,True,kept
One-way Hash Functions,Keyed Hash Functions,keyed hash functions,serial,2004.0,Whirlpool,$O(n)$,n,string_length,input string length,True,kept
One-way Hash Functions,Optional Key?,optional key?,serial,2012.0,BLAKE2,$O(n)$,n,string_length,input string length,True,kept
One-way Hash Functions,Unkeyed Hash Functions,unkeyed hash functions,serial,2015.0,SHA-3,$O(n)$,n,string_length,input string length,True,kept
Optimal Binary Search Trees,OBST,obst,parallel,1994.0,"Karpinski, Rytter",$O(n^(2+2eps))$,,,elements in the input,False,"also depends on 'p' (processors), 's' (an undefined parameter), which has no worst-case bound in terms of elements in the input"
Optimal Binary Search Trees,OBST,obst,parallel,2008.0,"Kechid, Myoupo",$O(n^2)$,n,elements,elements in the input,True,kept
Optimal Binary Search Trees,OBST,obst,parallel,2014.0,"Myoupo, Tchendji",$O(n^2)$,n,elements,elements in the input,True,kept
Optimal Binary Search Trees,OBST,obst,parallel,2016.0,"Tchendji, Myoupo, Dequen (1)",$O(n^2)$,n,elements,elements in the input,True,kept
Optimal Binary Search Trees,OBST,obst,parallel,2016.0,"Tchendji, Myoupo, Dequen (2)",$O(n^2)$,n,elements,elements in the input,True,kept
Optimal Binary Search Trees,OBST,obst,parallel,2019.0,"Tchendji, Zeutouo",$O(n^2)$,n,elements,elements in the input,True,kept
Optimal Binary Search Trees,OBST,obst,parallel,2022.0,"Zeutouo, Tchendji, Myoupo",$O(n^2)$,n,elements,elements in the input,True,kept
Optimal Binary Search Trees,Huffman Encoding,huffman encoding,quantum,2013.0,Quantum-inspired Huffman Coding,O(n(log n)^2),,,elements in the input,False,"measured in number symbols, but this family is compared in elements in the input"
Optimal Binary Search Trees,Huffman Encoding,huffman encoding,quantum,2018.0,A quantum analog of Huffman coding,O(N^2 * (logN) ^ a),,,elements in the input,False,cannot tell what a means (no definition given and the family is inconsistent)
Optimal Binary Search Trees,OBST,obst,serial,1940.0,Naive algorithm,$O(4^n/n^{3/2})$,,,elements in the input,False,year missing or outside 1950-2026
Optimal Binary Search Trees,OBST,obst,serial,1959.0,"DP algorithm (Gilbert, Moore)",$O(n^3)$,n,elements,elements in the input,True,kept
Optimal Binary Search Trees,Alphabetic Tree Problem,alphabetic tree problem,serial,1971.0,Hu–Tucker algorithm,$O(n \log n)$,n,elements,elements in the input,True,kept
Optimal Binary Search Trees,OBST,obst,serial,1971.0,Knuth's DP algorithm,$O(n^2)$,n,elements,elements in the input,True,kept
Optimal Binary Search Trees,Approximate OBST,approximate obst,serial,1975.0,Melhorn's Approximation algorithm,$O(n)$,,,elements in the input,False,"approximation algorithm, not comparable to an exact runtime"
Optimal Binary Search Trees,Alphabetic Tree Problem,alphabetic tree problem,serial,1977.0,Garsia–Wachs algorithm,$O(n \log n)$,n,elements,elements in the input,True,kept
Optimal Binary Search Trees,OBST,obst,serial,1982.0,Yao,$O(n^2)$,n,elements,elements in the input,True,kept
Optimal Binary Search Trees,Approximate OBST,approximate obst,serial,1987.0,Larmore,$O(n^{1.6})$,,,elements in the input,False,"approximation algorithm, not comparable to an exact runtime"
Optimal Binary Search Trees,Approximate OBST,approximate obst,serial,1989.0,Levcopoulos; Lingas; Sack,$O(n)$,,,elements in the input,False,"approximation algorithm, not comparable to an exact runtime"
Optimal Binary Search Trees,Alphabetic Tree Problem,alphabetic tree problem,serial,1993.0,Klawe; Mumey,$O(n)$,n,elements,elements in the input,True,kept
Optimal Binary Search Trees,Approximate OBST,approximate obst,serial,1993.0,de Prisco,$O(n)$,,,elements in the input,False,"approximation algorithm, not comparable to an exact runtime"
Optimal Policies for Mdps,Optimal Policies for MDPs,(general),parallel,2009.0,"parallel policy iteration - Zhang, Sun, Xu (1)","$O(S^3+ AS^2) computation, O(pS^2) communication$",,,states,False,formula not usable: nested asymptotic notation has no determinate value
Optimal Policies for Mdps,Optimal Policies for MDPs,(general),parallel,2009.0,"parallel value iteration - Zhang, Sun, Xu (2)","$O(AS^2) computation, O(pS) communication$",,,states,False,"approximation algorithm, not comparable to an exact runtime"
Optimal Policies for Mdps,Optimal Policies for MDPs,(general),parallel,2016.0,"Chafik, Daoui",$O((S^3A^2)/(1-\gamma))$,,,states,False,"measured in discount factor, elements in the input, but this family is compared in states"
Optimal Policies for Mdps,Optimal Policies for MDPs,(general),parallel,2021.0,"Liu, Zhou, Kalathil, Kumar, Tian",$O((S^3+AS)*(1/(1-\gamma))^5*(1/(\epsilon))*\log(1/\epsilon))$,,,states,False,"approximation algorithm, not comparable to an exact runtime"
Optimal Policies for Mdps,Optimal Policies for MDPs,(general),parallel,2022.0,"Primal-Dual Stochastic Mirror Descent - Tiapkin, Gasnikov",$O((t_mix^2*S^2*A*\log(1/\\delta))/(\epsilon^2))$,,,states,False,"approximation algorithm, not comparable to an exact runtime"
Optimal Policies for Mdps,Optimal Policies for MDPs,(general),parallel,2022.0,"Nachaoui, Chafik, Daoui",$O(AS^2) per iteration$,,,states,False,"approximation algorithm, not comparable to an exact runtime"
Optimal Policies for Mdps,Optimal Policies for MDPs,(general),parallel,2022.0,"Anchor-changing Regularized Natural Policy Gradient (ARNPG) framework - Zhou, Liu, Kalathil, Kumar, Tian",$O((S^3+AS)*(1/(1-\gamma))^5*(1/(\epsilon))*\log(1/\epsilon))$,,,states,False,"approximation algorithm, not comparable to an exact runtime"
Optimal Policies for Mdps,Optimal Policies for MDPs,(general),serial,1957.0,Bellman Value Iteration (VI),$O(2^n)$,n,states,states,True,kept
Optimal Policies for Mdps,Optimal Policies for MDPs,(general),serial,1960.0,Howard Policy Iteration (PI),$O(n^3)$,n,states,states,True,kept
Optimal Policies for Mdps,Optimal Policies for MDPs,(general),serial,1974.0,Puterman Modified Policy Iteration (MPI),$O(n^3)$,n,states,states,True,kept
Page Replacements,Offline,offline,serial,1940.0,The theoretically optimal page replacement algorithm,$O(n^2)$,,,an undefined parameter,False,year missing or outside 1950-2026
Page Replacements,Online,online,serial,1940.0,Not recently used,$O(nk)$?,,,an undefined parameter,False,year missing or outside 1950-2026
Page Replacements,Online,online,serial,1940.0,"First-in, first-out",$O(nk)$?,,,an undefined parameter,False,year missing or outside 1950-2026
Page Replacements,Online,online,serial,1940.0,Second-chance,$O(nk)$?,,,an undefined parameter,False,year missing or outside 1950-2026
Page Replacements,Online,online,serial,1940.0,Clock,$O(nk)$?,,,an undefined parameter,False,year missing or outside 1950-2026
Page Replacements,Online,online,serial,1940.0,Least recently used,$O(nk)$?,,,an undefined parameter,False,year missing or outside 1950-2026
Page Replacements,Online,online,serial,1940.0,Random,$O(n)$,,,an undefined parameter,False,does not solve the problem exactly
Page Replacements,Online,online,serial,1940.0,Not frequently used (NFU),$O(nk)$?,,,an undefined parameter,False,year missing or outside 1950-2026
Page Replacements,Online,online,serial,1940.0,Aging,$O(nk)$?,,,an undefined parameter,False,year missing or outside 1950-2026
Page Replacements,Online,online,serial,2017.0,Longest distance first (LDF) page replacement algorithm,$O(nk)$?,,,an undefined parameter,False,family has no usable input-size parameter
Point-in-polygon,Point-in-Polygon,(general),parallel,1993.0,"Chen, Davis, Kruskal",$O(n \log n)$,n,edges,edges in the graph,True,kept
Point-in-polygon,Point-in-Polygon,(general),parallel,2015.0,Puri,$O(n \log n)$,n,edges,edges in the graph,True,kept
Point-in-polygon,Point-in-Polygon,(general),serial,1962.0,Ray casting algorithm Shimrat; M,$O(n)$,n,edges,edges in the graph,True,kept
Point-in-polygon,Point-in-Polygon,(general),serial,1967.0,Nordbeck and Rystedt (Grid Method),$O(n)$,n,edges,edges in the graph,True,kept
Point-in-polygon,Point-in-Polygon,(general),serial,1967.0,Nordbeck and Rystedt (Sum of area),$O(n)$,n,edges,edges in the graph,True,kept
Point-in-polygon,Point-in-Polygon,(general),serial,1967.0,Nordbeck and Rystedt (Orientation),$O(n)$,n,edges,edges in the graph,True,kept
Point-in-polygon,Point-in-Polygon,(general),serial,1978.0,Salomon (Swath Method),$O(n \log n)$,n,edges,edges in the graph,True,kept
Point-in-polygon,Point-in-Polygon,(general),serial,1985.0,Preparata and Shamos (Wedge),$O(n)$,n,edges,edges in the graph,True,kept
Point-in-polygon,Point-in-Polygon,(general),serial,1985.0,Preparata and Shamos (Intersection sum of angle),$O(n)$,n,edges,edges in the graph,True,kept
Point-in-polygon,Point-in-Polygon,(general),serial,1987.0,Saalfeld (Sign of offset),$O(n)$,n,edges,edges in the graph,True,kept
Poisson Problem,2-Dimensional Poisson Problem,2-dimensional poisson problem,parallel,1973.0,Buzbee [MD],$O(n^3)$,n,matrix_dim,matrix dimension,True,kept
Poisson Problem,2-Dimensional Poisson Problem,2-dimensional poisson problem,parallel,1976.0,"Sameh, Chen, Kuck",$O(n^2 \log n)$,n,matrix_dim,matrix dimension,True,kept
Poisson Problem,2-Dimensional Poisson Problem,2-dimensional poisson problem,parallel,1977.0,Multigrid,$O(n^2)$,n,matrix_dim,matrix dimension,True,kept
Poisson Problem,2-Dimensional Poisson Problem,2-dimensional poisson problem,parallel,1984.0,Vatjersic,$O(n^2 \log n)$,n,matrix_dim,matrix dimension,True,kept
Poisson Problem,3-Dimensional Poisson Problem,3-dimensional poisson problem,parallel,2001.0,"Giraud, Guivarch, Stein",$O(n^3 \log n)$ ?,n,matrix_dim,matrix dimension,True,kept
Poisson Problem,2-Dimensional Poisson Problem,2-dimensional poisson problem,parallel,2011.0,"Xu, Wang [FDPI]",$O(n^3)$,n,matrix_dim,matrix dimension,True,kept
Poisson Problem,3-Dimensional Poisson Problem,3-dimensional poisson problem,parallel,2011.0,"Budiardja, Cardall",$O(n^3 \log n)$,n,matrix_dim,matrix dimension,True,kept
Poisson Problem,3-Dimensional Poisson Problem,3-dimensional poisson problem,parallel,2012.0,"Zhao Ning, Wang XuBen",$O(n^4 \log n)$,n,matrix_dim,matrix dimension,True,kept
Poisson Problem,2-Dimensional Poisson Problem,2-dimensional poisson problem,parallel,2015.0,Chen,$O(n^2 \log n)$ ?,n,matrix_dim,matrix dimension,True,kept
Poisson Problem,2-Dimensional Poisson Problem,2-dimensional poisson problem,serial,1945.0,5-point star Cramer's rule,$O(4^{n^2})$,,,matrix dimension,False,year missing or outside 1950-2026
Poisson Problem,2-Dimensional Poisson Problem,2-dimensional poisson problem,serial,1945.0,5-point Gauss elimination,$O(n^4)$,,,matrix dimension,False,year missing or outside 1950-2026
Poisson Problem,2-Dimensional Poisson Problem,2-dimensional poisson problem,serial,1945.0,5-point Gauss Seidel iteration,$O(n^4 \log n)$,,,matrix dimension,False,year missing or outside 1950-2026
Poisson Problem,3-Dimensional Poisson Problem,3-dimensional poisson problem,serial,1945.0,5-point star Cramer's rule,$O(5^{n^3})$,,,matrix dimension,False,year missing or outside 1950-2026
Poisson Problem,3-Dimensional Poisson Problem,3-dimensional poisson problem,serial,1945.0,5-point Gauss elimination,$O(n^7)$,,,matrix dimension,False,year missing or outside 1950-2026
Poisson Problem,3-Dimensional Poisson Problem,3-dimensional poisson problem,serial,1945.0,5-point Gauss Seidel iteration,$O(n^5 \log n)$,,,matrix dimension,False,year missing or outside 1950-2026
Poisson Problem,2-Dimensional Poisson Problem,2-dimensional poisson problem,serial,1954.0,5-point SOR iteration,$O(n^3 \log n)$,n,matrix_dim,matrix dimension,True,kept
Poisson Problem,3-Dimensional Poisson Problem,3-dimensional poisson problem,serial,1954.0,5-point SOR iteration,$O(n^4 \log n)$,n,matrix_dim,matrix dimension,True,kept
Poisson Problem,2-Dimensional Poisson Problem,2-dimensional poisson problem,serial,1955.0,5-point ADI iteration,$O(n^2 \log^2 n)$,n,matrix_dim,matrix dimension,True,kept
Poisson Problem,3-Dimensional Poisson Problem,3-dimensional poisson problem,serial,1955.0,5-point ADI iteration,$O(n^3 \log^2 n)$,n,matrix_dim,matrix dimension,True,kept
Poisson Problem,2-Dimensional Poisson Problem,2-dimensional poisson problem,serial,1956.0,9-point SOR iteration,$O(n^3)$,n,matrix_dim,matrix dimension,True,kept
Poisson Problem,3-Dimensional Poisson Problem,3-dimensional poisson problem,serial,1956.0,9-point SOR iteration,$O(n^4)$,n,matrix_dim,matrix dimension,True,kept
Poisson Problem,2-Dimensional Poisson Problem,2-dimensional poisson problem,serial,1964.0,9-point Tensor product,$O(n^3)$,n,matrix_dim,matrix dimension,True,kept
Poisson Problem,3-Dimensional Poisson Problem,3-dimensional poisson problem,serial,1964.0,9-point Tensor product,$O(n^4)$,n,matrix_dim,matrix dimension,True,kept
Poisson Problem,2-Dimensional Poisson Problem,2-dimensional poisson problem,serial,1965.0,9-point ADI iteration,$O(n^2 \log n)$,n,matrix_dim,matrix dimension,True,kept
Poisson Problem,2-Dimensional Poisson Problem,2-dimensional poisson problem,serial,1965.0,5-point FFT,$O(n^2 \log n)$,n,matrix_dim,matrix dimension,True,kept
Poisson Problem,2-Dimensional Poisson Problem,2-dimensional poisson problem,serial,1965.0,5-point FFT,$O(n^2 \log n)$,n,matrix_dim,matrix dimension,True,kept
Poisson Problem,2-Dimensional Poisson Problem,2-dimensional poisson problem,serial,1965.0,5-point FFT,$O(n^2 \log n)$,n,matrix_dim,matrix dimension,True,kept
Poisson Problem,2-Dimensional Poisson Problem,2-dimensional poisson problem,serial,1965.0,5-point FFT,$O(n^2 \log n)$,n,matrix_dim,matrix dimension,True,kept
Poisson Problem,3-Dimensional Poisson Problem,3-dimensional poisson problem,serial,1965.0,9-point ADI iteration,$O(n^3 \log n)$,n,matrix_dim,matrix dimension,True,kept
Poisson Problem,3-Dimensional Poisson Problem,3-dimensional poisson problem,serial,1965.0,5-point FFT,$O(n^3 \log n)$,n,matrix_dim,matrix dimension,True,kept
Poisson Problem,3-Dimensional Poisson Problem,3-dimensional poisson problem,serial,1969.0,9-point ADI iteration + smooth guess,$O(n^3 \log n)$,n,matrix_dim,matrix dimension,True,kept
Poisson Problem,3-Dimensional Poisson Problem,3-dimensional poisson problem,serial,1970.0,5-point cyclic reduction,$O(n^3 \log n)$,n,matrix_dim,matrix dimension,True,kept
Poisson Problem,3-Dimensional Poisson Problem,3-dimensional poisson problem,serial,1978.0,9-point FFT,$O(n^3 \log n)$,n,matrix_dim,matrix dimension,True,kept
Polygon Clipping,Polygon Clipping with Arbitrary Clipping Polygon,polygon clipping with arbitrary clipping polygon,parallel,1989.0,"Theoharis, Page (1)",$O(Pt_{clip.one.plane})$,,,maximum number sides either polygon or clipping polygon,False,formula not usable: could not parse 'Pt_*(clip.one.plane)' (AttributeError)
Polygon Clipping,Polygon Clipping with Arbitrary Clipping Polygon,polygon clipping with arbitrary clipping polygon,parallel,1989.0,"Theoharis, Page (2)",$O(Pt_{clip.one.plane})$,,,maximum number sides either polygon or clipping polygon,False,formula not usable: could not parse 'Pt_*(clip.one.plane)' (AttributeError)
Polygon Clipping,Polygon Clipping with Arbitrary Clipping Polygon,polygon clipping with arbitrary clipping polygon,parallel,1996.0,Narayanaswami,$O(n)$,,,maximum number sides either polygon or clipping polygon,False,"measured in vertices in the graph, but this family is compared in maximum number sides either polygon or clipping polygon"
Polygon Clipping,Polygon Clipping with Arbitrary Clipping Polygon,polygon clipping with arbitrary clipping polygon,parallel,2014.0,"Puri, Prasad",$(n+k+k')\log{n+k+k'}$,,,maximum number sides either polygon or clipping polygon,False,"formula not usable: could not parse ""(n+k+k') log (n+k+k')"" (SyntaxError)"
Polygon Clipping,Polygon Clipping with Arbitrary Clipping Polygon,polygon clipping with arbitrary clipping polygon,parallel,2023.0,"Ashan, Puri, Prasad",$O(\log{n}(n+k))$,,,maximum number sides either polygon or clipping polygon,False,"measured in number edge intersections, vertices in the graph, but this family is compared in maximum number sides either polygon or clipping polygon"
Polygon Clipping,Polygon Clipping with Convex Clipping Polygon,polygon clipping with convex clipping polygon,serial,1974.0,Sutherland–Hodgman algorithm,$O(n^2)$,n,raw:maximum number sides either polygon or clipping polygon,maximum number sides either polygon or clipping polygon,True,kept
Polygon Clipping,Polygon Clipping with Arbitrary Clipping Polygon,polygon clipping with arbitrary clipping polygon,serial,1977.0,Weiler–Atherton clipping algorithm,$O(n^2)$,n,raw:maximum number sides either polygon or clipping polygon,maximum number sides either polygon or clipping polygon,True,kept
Polygon Clipping,Polygon Clipping with Arbitrary Clipping Polygon,polygon clipping with arbitrary clipping polygon,serial,1992.0,Vatti clipping algorithm,$O(n^2)$?,n,raw:maximum number sides either polygon or clipping polygon,maximum number sides either polygon or clipping polygon,True,kept
Polygon Clipping,Polygon Clipping with Arbitrary Clipping Polygon,polygon clipping with arbitrary clipping polygon,serial,1998.0,Greiner–Hormann clipping algorithm,$O(n^2)$?,n,raw:maximum number sides either polygon or clipping polygon,maximum number sides either polygon or clipping polygon,True,kept
Polynomial Factorization (Finite Fields),Factorization of Polynomials Over Finite Fields,(general),parallel,1983.0,von zur Gathen,$O(poly(n))$ ?,,,degree polynomial,False,formula not usable: poly(...) has no determinate exponent
Polynomial Factorization (Finite Fields),,(general),quantum,2019.0,Doliskani,O(n^{4/3 + o(1)} log^{2 + o(1)} (q)),,,degree polynomial,False,"measured in polynomial degree, size finite field, but this family is compared in degree polynomial"
Polynomial Factorization (Finite Fields),Factorization of Polynomials Over Finite Fields,(general),serial,1940.0,Schubert's algorithm/Kronecker's method,$O(p^{n/2 + O(\log n)})$,,,degree polynomial,False,year missing or outside 1950-2026
Polynomial Factorization (Finite Fields),Distinct-degree,distinct-degree,serial,1944.0,Distinct-degree factorization,$O(n^3 + n \log n)$,,,degree polynomial,False,year missing or outside 1950-2026
Polynomial Factorization (Finite Fields),Distinct-degree; Equal-degree,distinct-degree; equal-degree,serial,1967.0,Berlekamp's algorithm,$O(n^4 + pn^2)$,,,degree polynomial,False,"also depends on 'p' (characteristic finite field), which has no worst-case bound in terms of degree polynomial"
Polynomial Factorization (Finite Fields),Square-free,square-free,serial,1975.0,Square-free factorization,$O(n^3)$,n,raw:degree polynomial,degree polynomial,True,kept
Polynomial Factorization (Finite Fields),Equal-degree,equal-degree,serial,1981.0,Cantor–Zassenhaus algorithm,$O(n^3 \log n)$,n,raw:degree polynomial,degree polynomial,True,kept
Polynomial Factorization (Finite Fields),Equal-degree,equal-degree,serial,1990.0,Victor Shoup's algorithm,$O(n^2)$,n,raw:degree polynomial,degree polynomial,True,kept
Polynomial Interpolation,2-D Polynomial Interpolation,2-d polynomial interpolation,parallel,1986.0,Reif,$O(n^2 \log n)$,,,input points,False,"measured in text length, but this family is compared in input points"
Polynomial Interpolation,2-D Polynomial Interpolation,2-d polynomial interpolation,parallel,1989.0,Eberly,$O(poly(n))$,,,input points,False,formula not usable: poly(...) has no determinate exponent
Polynomial Interpolation,2-D Polynomial Interpolation,2-d polynomial interpolation,parallel,1990.0,"Egecioglu, Gallopoulos, Koc",$O(n^2)$,,,input points,False,"measured in text length, but this family is compared in input points"
Polynomial Interpolation,2-D Polynomial Interpolation,2-d polynomial interpolation,parallel,1995.0,"Jana, Sinha",$O(n^2 \log n)$,,,input points,False,"measured in text length, but this family is compared in input points"
Polynomial Interpolation,Polynomial Interpolation,(general),quantum,2016.0,"Childs, Dam, Hung, Shparlinski",d/2+1,,,input points,False,"measured in degree polyomial over field f q, but this family is compared in input points"
Polynomial Interpolation,2-D Polynomial Interpolation,2-d polynomial interpolation,serial,-150.0,Gaussian elimination,$O(n^3)$,,,input points,False,year missing or outside 1950-2026
Polynomial Interpolation,2-D Polynomial Interpolation,2-d polynomial interpolation,serial,1970.0,Bjorck,$O(n^2)$,n,points,input points,True,kept
Polynomial Interpolation,2-D Polynomial Interpolation,2-d polynomial interpolation,serial,1988.0,Higham,$O(n^2)$,n,points,input points,True,kept
Polynomial Interpolation,2-D Polynomial Interpolation,2-d polynomial interpolation,serial,1993.0,"Calvetti, Reichel",$O(n^2)$,n,points,input points,True,kept
Pomdps,POMDPs,(general),serial,1973.0,Satia & Lave; 1973;,,,,an undefined parameter,False,"approximation algorithm, not comparable to an exact runtime"
Pomdps,POMDPs,(general),serial,1995.0,Barto;Bradtke; & Singhe; 1995;,,,,an undefined parameter,False,"approximation algorithm, not comparable to an exact runtime"
Pomdps,POMDPs,(general),serial,1997.0,Washington; 1997;,,,,an undefined parameter,False,"approximation algorithm, not comparable to an exact runtime"
Pomdps,POMDPs,(general),serial,1999.0,McAllester & Singh; 1999;,,,,an undefined parameter,False,"approximation algorithm, not comparable to an exact runtime"
Pomdps,POMDPs,(general),serial,1999.0,Bertsekas & Castanon; 1999;,,,,an undefined parameter,False,"approximation algorithm, not comparable to an exact runtime"
Pomdps,POMDPs,(general),serial,2000.0,Hauskrecht; 2000;,,,,an undefined parameter,False,"approximation algorithm, not comparable to an exact runtime"
Pomdps,POMDPs,(general),serial,2003.0,Pineau; Gordon; & Thrun; 2003;,,,,an undefined parameter,False,"approximation algorithm, not comparable to an exact runtime"
Pomdps,POMDPs,(general),serial,2004.0,Braziunas & Boutilier; 2004;,,,,an undefined parameter,False,"approximation algorithm, not comparable to an exact runtime"
Pomdps,POMDPs,(general),serial,2005.0,Poupart; 2005;,,,,an undefined parameter,False,"approximation algorithm, not comparable to an exact runtime"
Pomdps,POMDPs,(general),serial,2005.0,Smith & Simmons; 2005;,,,,an undefined parameter,False,"approximation algorithm, not comparable to an exact runtime"
Pomdps,POMDPs,(general),serial,2005.0,Spaan & Vlassis; 2005,,,,an undefined parameter,False,"approximation algorithm, not comparable to an exact runtime"
Pomdps,POMDPs,(general),serial,2005.0,Paquet; Tobin; & Chaib-draa; 2005;,,,,an undefined parameter,False,"approximation algorithm, not comparable to an exact runtime"
Pomdps,POMDPs,(general),serial,2005.0,Shani; Brafman; & Shimony; 2005,,,,an undefined parameter,False,"approximation algorithm, not comparable to an exact runtime"
Rasterization,Rasterization,(general),serial,1962.0,Bresenham Algorithm,$O(n)$,,,an undefined parameter,False,"approximation algorithm, not comparable to an exact runtime"
Rasterization,Rasterization,(general),serial,1983.0,Digital Differential Analyzer (DDA),$O(n)$,,,an undefined parameter,False,"approximation algorithm, not comparable to an exact runtime"
Ray Tracing,,(general),serial,1956.0,Dürer rendering algorithm,$O(n^2)$,,,an undefined parameter,False,"approximation algorithm, not comparable to an exact runtime"
Ray Tracing,,(general),serial,1968.0,Appel's algorithm 1968,$O(n^2)$,,,an undefined parameter,False,"approximation algorithm, not comparable to an exact runtime"
Ray Tracing,,(general),serial,1979.0,Whitted's algorithm 1979,$O(n^2)$,,,an undefined parameter,False,"approximation algorithm, not comparable to an exact runtime"
Recovery,"Steal, No-Force","steal, no-force",serial,1992.0,ARIES,$O(n)$,n,raw:number transactions before crash,number transactions before crash,True,kept
Register Allocation,Global Register Allocation,global register allocation,serial,1981.0,Chaitin's Algorithm,$O(n^2)$,n,raw:number live ranges number candidates reside registers,number live ranges number candidates reside registers,True,kept
Register Allocation,Global Register Allocation,global register allocation,serial,1984.0,Chow's Algorithm,$O(n^2)$,n,raw:number live ranges number candidates reside registers,number live ranges number candidates reside registers,True,kept
Register Allocation,Global Register Allocation,global register allocation,serial,1996.0,"Optimal Register Allocation (ORA), Goodwin & Wilken Algorithm",$O(n^3)$,n,raw:number live ranges number candidates reside registers,number live ranges number candidates reside registers,True,kept
Register Allocation,Global Register Allocation,global register allocation,serial,1996.0,Demand-Driven Register Allocation,$O(n^2)$,,,number live ranges number candidates reside registers,False,"measured in number instructions procedure, but this family is compared in number live ranges number candidates reside registers"
Register Allocation,Global Register Allocation,global register allocation,serial,1998.0,Kong and Wilken Algorithm,$O(n^3)$,n,raw:number live ranges number candidates reside registers,number live ranges number candidates reside registers,True,kept
Register Allocation,Global Register Allocation,global register allocation,serial,1999.0,"Linear Scan, Poletto & Sarkar",$O(n)$,n,raw:number live ranges number candidates reside registers,number live ranges number candidates reside registers,True,kept
Register Allocation,,(general),serial,2006.0,Cooper and Dasgupta algorithm,$O(n^2)$,n,raw:number live ranges number candidates reside registers,number live ranges number candidates reside registers,True,kept
Rod-cutting Problem,Rod-Cutting Problem,(general),serial,1940.0,Brute Force,$O(n 2^n)$,,,length rod,False,year missing or outside 1950-2026
Rod-cutting Problem,Rod-Cutting Problem,(general),serial,1953.0,Dynamic Programming,$O(n^2)$,n,raw:length rod,length rod,True,kept
Root Computation,"General Root Computation; General Root Computation, All Roots","general root computation; general root computation, all roots",parallel,1986.0,"Ben-Or, Feig, Kozen, Tiwari (BFKT)",$O(n^6\log(n))$,n,raw:degree polynomial,degree polynomial,True,kept
Root Computation,General Root Computation,general root computation,parallel,1989.0,"parallel Graeffe's method - Rice, Jamieson",$O(n)$,n,raw:degree polynomial,degree polynomial,True,kept
Root Computation,"General Root Computation; General Root Computation, All Roots","general root computation; general root computation, all roots",parallel,1992.0,"Narendran, Tiwari",,,,degree polynomial,False,formula not usable: no formula recorded
Root Computation,"General Root Computation; General Root Computation, All Roots","general root computation; general root computation, all roots",parallel,1994.0,Neff,$O(\log^3{n+m+\mu} (n+m+\mu)^f$,,,degree polynomial,False,"formula depends on too many parameters (f, m, mu, n)"
Root Computation,Polynomial Root Finding Problem (Modulo M),polynomial root finding problem (modulo m),quantum,2014.0,Quantum Algorithm for Polynomial Root Finding Problem,O(\sqrt{M/t}),,,degree polynomial,False,"measured in modulo equation, number solutions, but this family is compared in degree polynomial"
Root Computation,Finding Polynomial Roots,finding polynomial roots,quantum,2015.0,Quantum Phase Estimation Algorithm for Finding Polynomial Roots,O(poly(n)),,,degree polynomial,False,formula not usable: poly(...) has no determinate exponent
Root Computation,General Root Computation,general root computation,serial,1690.0,False position method,$O(n_{max})$,,,degree polynomial,False,"approximation algorithm, not comparable to an exact runtime"
Root Computation,General Root Computation,general root computation,serial,1820.0,Bisection method,$O(n_{max})$,,,degree polynomial,False,"approximation algorithm, not comparable to an exact runtime"
Root Computation,Root Computation with continuous first derivative,root computation with continuous first derivative,serial,1940.0,Newton's method,$O(n_{max})$,,,degree polynomial,False,"approximation algorithm, not comparable to an exact runtime"
Root Computation,Root Computation with continuous second derivative,root computation with continuous second derivative,serial,1940.0,Halley's method,$O(n_{max})$,,,degree polynomial,False,"approximation algorithm, not comparable to an exact runtime"
Root Computation,General Root Computation,general root computation,serial,1940.0,Secant method,$O(n_{max})$,,,degree polynomial,False,"approximation algorithm, not comparable to an exact runtime"
Root Computation,General Root Computation,general root computation,serial,1956.0,Muller's method,$O(n_{max})$,,,degree polynomial,False,"approximation algorithm, not comparable to an exact runtime"
Root Computation,General Root Computation,general root computation,serial,1979.0,Ridder's method,$O(n_{max})$,,,degree polynomial,False,"approximation algorithm, not comparable to an exact runtime"
SDD / Laplacian Solvers,Laplacian and SDD Linear Systems Solving,laplacian and sdd linear systems solving,quantum,2022.0,Quantum Speedup for Graph Sparsification Cut Approximation and Lapl...,\tilde{O}(\sqrt{m n}/\epsilon),,,an undefined parameter,False,"approximation algorithm, not comparable to an exact runtime"
SDD / Laplacian Solvers,Exact Laplacian Solver,exact laplacian solver,serial,-150.0,Gaussian Elimination,$O(n^3)$,,,an undefined parameter,False,year missing or outside 1950-2026
SDD / Laplacian Solvers,Exact Laplacian Solver,exact laplacian solver,serial,1940.0,Naive Implementation,$O(n!)$,,,an undefined parameter,False,year missing or outside 1950-2026
SDD / Laplacian Solvers,Inexact Laplacian Solver,inexact laplacian solver,serial,1995.0,Gremban; Miller; Zagha,$O(n^2)$,,,an undefined parameter,False,"approximation algorithm, not comparable to an exact runtime"
SDD Systems Solver,Exact Laplacian Solver,exact laplacian solver,parallel,2011.0,Blelloch et al.,$O(m polylog(n) \log 1/\epsilon)$,,,an undefined parameter,False,formula not usable: polylog(...) has no determinate exponent
Secret Sharing,,(general),serial,1979.0,Shamir's scheme,$O(t^2)$,t,raw:threshold number players,threshold number players,True,kept
Secret Sharing,,(general),serial,1979.0,Blakley's scheme,$O(t^3)$,t,raw:threshold number players,threshold number players,True,kept
Sequence Alignment,"Edit Distance, constant-size alphabet","edit distance, constant-size alphabet",parallel,1988.0,Mathies,$O(mn \log m \log n)$,,,an undefined parameter,False,family has no usable input-size parameter
Sequence Alignment,"Edit Distance, constant-size alphabet","edit distance, constant-size alphabet",parallel,1990.0,Apostolico et al. (1),$O(mn \log n)$,,,an undefined parameter,False,family has no usable input-size parameter
Sequence Alignment,"Edit Distance, constant-size alphabet","edit distance, constant-size alphabet",parallel,1990.0,Apostolico et al. (2),$O(mn \log n)$,,,an undefined parameter,False,family has no usable input-size parameter
Sequence Alignment,"Edit sequence, global alignment","edit sequence, global alignment",serial,1970.0,Needleman–Wunsch algorithm,$O(mn)$,,,an undefined parameter,False,family has no usable input-size parameter
Sequence Alignment,"Edit sequence, global alignment","edit sequence, global alignment",serial,1972.0,David Sankoff,$O(mn)$,,,an undefined parameter,False,family has no usable input-size parameter
Sequence Alignment,Edit sequence,edit sequence,serial,1975.0,Hirschberg's algorithm,$O(mn)$,,,an undefined parameter,False,family has no usable input-size parameter
Sequence Alignment,Edit distance,edit distance,serial,1980.0,Masek; Patterson,$O(mn / \log n)$,,,an undefined parameter,False,family has no usable input-size parameter
Sequence Alignment,"Edit sequence, local alignment","edit sequence, local alignment",serial,1981.0,Smith–Waterman algorithm,$O(mn^2)$,,,an undefined parameter,False,family has no usable input-size parameter
Sequence Alignment,"Edit sequence, local alignment","edit sequence, local alignment",serial,1982.0,Gotoh,$O(mn)$,,,an undefined parameter,False,family has no usable input-size parameter
Sequence Alignment,"Edit sequence, local alignment","edit sequence, local alignment",serial,1985.0,FASTA,$O(mn)$,,,an undefined parameter,False,family has no usable input-size parameter
Sequence Alignment,"Edit sequence, local alignment","edit sequence, local alignment",serial,1986.0,Altschul and Erickson,$O(mn)$,,,an undefined parameter,False,family has no usable input-size parameter
Sequence Alignment,"Edit sequence, local alignment","edit sequence, local alignment",serial,1988.0,Myers and Miller,$O(mn)$,,,an undefined parameter,False,family has no usable input-size parameter
Sequence Alignment,"Edit Sequence, constant-size alphabet","edit sequence, constant-size alphabet",serial,1990.0,Basic Local Alignment Search Tool (BLAST),$O(mn)$,,,an undefined parameter,False,family has no usable input-size parameter
Sequence Alignment,"Edit Sequence, constant-size alphabet","edit sequence, constant-size alphabet",serial,1997.0,Gapped BLAST,$O(mn)$,,,an undefined parameter,False,family has no usable input-size parameter
Sequence Alignment,"Edit sequence, global alignment","edit sequence, global alignment",serial,2013.0,FOGSAA,$O(mn)$,,,an undefined parameter,False,family has no usable input-size parameter
Sequence-to-graph Alignment,Sequence-to-Graph Alignment,(general),serial,1997.0,Amir et al.,$O(m(n \log m + E))$,,,an undefined parameter,False,family has no usable input-size parameter
Sequence-to-graph Alignment,Sequence-to-Graph Alignment,(general),serial,2000.0,Navarro,$O(m(V + E))$,,,an undefined parameter,False,family has no usable input-size parameter
Sequence-to-graph Alignment,Sequence-to-Graph Alignment,(general),serial,2015.0,HybridSpades,$O(m(V \log(mV) + E))$,,,an undefined parameter,False,family has no usable input-size parameter
Sequence-to-graph Alignment,Sequence-to-Graph Alignment,(general),serial,2017.0,Rautiainen and Marschall,$O(V + mE)$,,,an undefined parameter,False,family has no usable input-size parameter
Sequence-to-graph Alignment,Sequence-to-Graph Alignment,(general),serial,2018.0,V-ALIGN,$O(mVE)$,,,an undefined parameter,False,family has no usable input-size parameter
Sequence-to-graph Alignment,Sequence-to-Graph Alignment,(general),serial,2019.0,"Jain, Chang",$O(V + mE)$,,,an undefined parameter,False,family has no usable input-size parameter
Set Cover,Set Cover,(general),quantum,2019.0,Quantum Speedups for Exponential-Time Dynamic Programming Algorithms,O^*(1.728^n),n,elements,elements in the input,True,kept
Set Cover,Minimum Set-Cover,minimum set-cover,quantum,2019.0,Quantum Algorithms for Solving Dynamic Programming Problems,O(\sqrt{2^n} poly(m\,,,elements in the input,False,formula not usable: poly(...) has no determinate exponent
Set Cover,Weighted Set-Covering,weighted set-covering,serial,1972.0,Brute force,$O(U 2^n)$,,,elements in the input,False,"measured in number sets, size universe, but this family is compared in elements in the input"
Set Cover,Unweighted Set-Covering; Weighted Set-Covering,unweighted set-covering; weighted set-covering,serial,2001.0,"Vazirani (ILP, chapters 13-15)","$O(\text{poly}(n, d))$",,,elements in the input,False,"approximation algorithm, not comparable to an exact runtime"
Set Cover,Unweighted Set-Covering,unweighted set-covering,serial,2006.0,Alon; Moshkovitz & Safra,$O(n \log n)$,,,elements in the input,False,"approximation algorithm, not comparable to an exact runtime"
Shortest Path (Directed),Nonnegative Weights,nonnegative weights,parallel,1987.0,"Driscoll, Gabow, Shrairman, Tarjan",$O(m + np \log n)$,,,vertices in the graph,False,"also depends on 'p' (processors), which has no worst-case bound in terms of vertices in the graph"
Shortest Path (Directed),Weighted Digraph,weighted digraph,parallel,1991.0,Amato,$M(n)$,,,vertices in the graph,False,cannot tell what M means (no definition given and the family is inconsistent)
Shortest Path (Directed),Nonnegative Weights,nonnegative weights,parallel,1991.0,Spencer,$O(np^2 \log p \log(pL)) + \tilde{O}(m + n \log L)$,,,vertices in the graph,False,formula not usable: nested asymptotic notation has no determinate value
Shortest Path (Directed),"Nonnegative Weights, Undirected","nonnegative weights, undirected",parallel,1993.0,Cohen (d=sqrt(n)),$O(n^2R \log^3{n} + nd^2 \log n)$,,,vertices in the graph,False,"also depends on 'R' (an undefined parameter), 'd' (an undefined parameter), which has no worst-case bound in terms of vertices in the graph"
Shortest Path (Directed),"Nonnegative Weights, Undirected","nonnegative weights, undirected",parallel,1993.0,Cohen (d=n),$O(n^2R \log^3{n} + nd^2 \log n)$,,,vertices in the graph,False,"also depends on 'R' (an undefined parameter), 'd' (an undefined parameter), which has no worst-case bound in terms of vertices in the graph"
Shortest Path (Directed),Nonnegative Weighted Digraph,nonnegative weights,parallel,1997.0,"Klein, Subramanian",$O(m sqrt(n) \log(L) \log(n))$,,,vertices in the graph,False,"also depends on 'L' (sum edge lengths), which has no worst-case bound in terms of vertices in the graph"
Shortest Path (Directed),Nonnegative Weighted Digraph,nonnegative weights,parallel,1997.0,"Brodal, Traff, Zaroliagis",$O(m \log n)$,n,vertices,vertices in the graph,True,kept; substituted worst-case edges in the graph for 'm'
Shortest Path (Directed),"General Weights, Undirected","general weights, undirected",parallel,1999.0,"Shi, Spencer (1) (t=log(n))",$O((n^3/t^2) \log n \log(n/t) + m \log n)$,,,vertices in the graph,False,"also depends on 't' (an undefined parameter), which has no worst-case bound in terms of vertices in the graph"
Shortest Path (Directed),"General Weights, Undirected","general weights, undirected",parallel,1999.0,"Shi, Spencer (1) (t=sqrt(n))",$O((n^3/t^2) \log n \log(n/t) + m \log n)$,,,vertices in the graph,False,"also depends on 't' (an undefined parameter), which has no worst-case bound in terms of vertices in the graph"
Shortest Path (Directed),"General Weights, Undirected","general weights, undirected",parallel,1999.0,"Shi, Spencer (2) (t=log(n))",$O((n^3/t^3 + mn/t) \log n) for any t in the range \log n <= t <= n$,,,vertices in the graph,False,formula not usable: nested asymptotic notation has no determinate value
Shortest Path (Directed),"General Weights, Undirected","general weights, undirected",parallel,1999.0,"Shi, Spencer (2) (t=n)",$O((n^3/t^3 + mn/t) \log n) for any t in the range \log n <= t <= n$,,,vertices in the graph,False,formula not usable: nested asymptotic notation has no determinate value
Shortest Path (Directed),"Undirected, Nonnegative Weights","nonnegative weights, undirected",parallel,2016.0,"Maleki, Nguyen, Lenharth, Garzarán, Padua, Pingali",$O((|E| + L_D) + (|E| + L_D)P/D)$,,,vertices in the graph,False,formula not usable: could not parse '(|E| + L_D) + (|E| + L_D)P/D' (SyntaxError)
Shortest Path (Directed),"General Weights; General Weights, Undirected","general weights; general weights, undirected",parallel,2017.0,"Dhulipala, Blelloch, Shun (1)",$expected O(w_∆)$,,,vertices in the graph,False,formula not usable: nested asymptotic notation has no determinate value
Shortest Path (Directed),"General Weights; General Weights, Undirected","general weights; general weights, undirected",parallel,2017.0,"Dhulipala, Blelloch, Shun (2)",$expected O(r_{src} \log |V|)$,,,vertices in the graph,False,formula not usable: nested asymptotic notation has no determinate value
Shortest Path (Directed),General Weights,general weights,parallel,2018.0,Garg,$O(nm)$,n,vertices,vertices in the graph,True,kept; substituted worst-case edges in the graph for 'm'
Shortest Path (Directed),Nonnegative Integer Weighted Digraph,nonnegative integer weighted digraph,parallel,2023.0,"Cao, Fineman",$O˜(m)$,,,vertices in the graph,False,"measured in edges in the graph, but this family is compared in vertices in the graph"
Shortest Path (Directed),Nonnegative Weights,nonnegative weights,quantum,2003.0,Heiligman 2,O(n^(7/4)),n,vertices,vertices in the graph,True,kept
Shortest Path (Directed),Nonnegative Weights (Adjacency List Model),nonnegative weights,quantum,2004.0,"Dürr, Heiligman, Høyer, Mhalla 1",O(sqrt(n*m)*log^2(n)),n,vertices,vertices in the graph,True,kept; substituted worst-case edges in the graph for 'm'
Shortest Path (Directed),Nonnegative Weights (Adjacency Matrix Model),nonnegative weights,quantum,2004.0,"Dürr, Heiligman, Høyer, Mhalla 1",O(n^(3/2)*log^2(n)),n,vertices,vertices in the graph,True,kept
Shortest Path (Directed),General Weights (Adjacency List Model),general weights,quantum,2006.0,Furrow 1,O(n^(3/2)*m^(1/2)*sqrt(log(n)),n,vertices,vertices in the graph,True,kept; substituted worst-case edges in the graph for 'm'
Shortest Path (Directed),General Weights (Adjacency Matrix Model),general weights,quantum,2006.0,Furrow 1,O(n^(5/2)*sqrt(log(n)),n,vertices,vertices in the graph,True,kept
Shortest Path (Directed),Nonnegative Weights (Adjacency List Model),nonnegative weights,quantum,2006.0,Furrow 2,O(sqrt(n*m)*log(n)),n,vertices,vertices in the graph,True,kept; substituted worst-case edges in the graph for 'm'
Shortest Path (Directed),Nonnegative Weights (Adjacency Matrix Model),nonnegative weights,quantum,2006.0,Furrow 2,O(n^(3/2)*log(n)),n,vertices,vertices in the graph,True,kept
Shortest Path (Directed),Directed Acyclic Graphs (Adjacency List Model),directed acyclic graphs,quantum,2019.0,"Khadiev, Safina",O(sqrt(n*m)*log(n)),n,vertices,vertices in the graph,True,kept; substituted worst-case edges in the graph for 'm'
Shortest Path (Directed),Directed Acyclic Graphs (Adjacency Matrix Model),directed acyclic graphs,quantum,2019.0,"Khadiev, Safina",O(n^(3/2)*log(n)),n,vertices,vertices in the graph,True,kept
Shortest Path (Directed),general weights,general weights,serial,1956.0,Bellman–Ford algorithm (Ford 1956),$O(V^2 EL)$,,,vertices in the graph,False,"also depends on 'L' (max edge weight), which has no worst-case bound in terms of vertices in the graph"
Shortest Path (Directed),general weights,general weights,serial,1959.0,Bellman–Ford algorithm (Shimbel 1955; Bellman 1958; Moore 1959),$O(VE)$,V,vertices,vertices in the graph,True,kept; substituted worst-case edges in the graph for 'E'
Shortest Path (Directed),Nonnegative Weights,nonnegative weights,serial,1960.0,Bellman–Ford algorithm (Dantzig 1960),$O(V^2 \log V)$,V,vertices,vertices in the graph,True,kept
Shortest Path (Directed),Nonnegative Weights,nonnegative weights,serial,1960.0,Dijkstra's algorithm with list (Whiting & Hillier 1960),$O(V^2)$,V,vertices,vertices in the graph,True,kept
Shortest Path (Directed),Nonnegative Weights,nonnegative weights,serial,1977.0,Dijkstra's algorithm with binary heap (Johnson 1977),$O((E + V) \log V)$,V,vertices,vertices in the graph,True,kept; substituted worst-case edges in the graph for 'E'
Shortest Path (Directed),Nonnegative Integer Weights,nonnegative integer weights,serial,1981.0,Dijkstra's algorithm with Fibonacci heap (Johnson 1981; Karlsson & Poblete 1983),$O(E \log \log L)$,,,vertices in the graph,False,"measured in edges in the graph, max edge weight, but this family is compared in vertices in the graph"
Shortest Path (Directed),Nonnegative Weights,nonnegative weights,serial,1983.0,Gabow's algorithm,$O(E \log L/\log(2+(E/V)))$,,,vertices in the graph,False,"also depends on 'L' (max edge weight), which has no worst-case bound in terms of vertices in the graph"
Shortest Path (Directed),Nonnegative Weights,nonnegative weights,serial,1984.0,Dijkstra's algorithm with Fibonacci heap (Fredman & Tarjan 1984; Fredman & Tarjan 1987),$O(E + V \log V)$,V,vertices,vertices in the graph,True,kept; substituted worst-case edges in the graph for 'E'
Shortest Path (Directed),Nonnegative Integer Weights,nonnegative integer weights,serial,1990.0,Gabow Ahuja Algorithm,$O(E + V \sqrt{\log(L)} )$,,,vertices in the graph,False,"also depends on 'L' (max edge weight), which has no worst-case bound in terms of vertices in the graph"
Shortest Path (Directed),Nonnegative Integer Weights,nonnegative integer weights,serial,2004.0,Thorup's algorithm,"$O(E + V \min(\log \log V, \log \log L))$",,,vertices in the graph,False,"also depends on 'L' (max edge weight), which has no worst-case bound in terms of vertices in the graph"
Shown Surface Determination,,(general),serial,1969.0,Warnock's algorithm,$O(np)$,,,an undefined parameter,False,family has no usable input-size parameter
Shown Surface Determination,,(general),serial,1969.0,Binary space partitioning (BSP),$O(n^2+p)$?,,,an undefined parameter,False,family has no usable input-size parameter
Shown Surface Determination,,(general),serial,1972.0,Painter's algorithm/Newell's algorithm,$O(n \log(n)+np)$,,,an undefined parameter,False,family has no usable input-size parameter
Shown Surface Determination,,(general),serial,1974.0,Z-buffering,$O(np)$,,,an undefined parameter,False,family has no usable input-size parameter
Shown Surface Determination,,(general),serial,1980.0,S-buffer/Scanline Rendering,$O(E+p)$,,,an undefined parameter,False,family has no usable input-size parameter
Shown Surface Determination,,(general),serial,1982.0,Ray tracing,$O(np)$,,,an undefined parameter,False,family has no usable input-size parameter
Slam Algorithms,SLAM Algorithms,(general),serial,1998.0,EKF SLAM,$O(n^3)$,,,an undefined parameter,False,"approximation algorithm, not comparable to an exact runtime"
Slam Algorithms,SLAM Algorithms,(general),serial,2000.0,UKF,$O(n^3)$,,,an undefined parameter,False,"approximation algorithm, not comparable to an exact runtime"
Slam Algorithms,SLAM Algorithms,(general),serial,2001.0,Rao-Blackwellized Particle Filtering SLAM,$O(n^2)$,,,an undefined parameter,False,"approximation algorithm, not comparable to an exact runtime"
Slam Algorithms,SLAM Algorithms,(general),serial,2002.0,Compressed Extended KF,$O(n^3)$,,,an undefined parameter,False,"approximation algorithm, not comparable to an exact runtime"
Slam Algorithms,SLAM Algorithms,(general),serial,2002.0,srba,$O(n^2)$,,,an undefined parameter,False,"approximation algorithm, not comparable to an exact runtime"
Slam Algorithms,SLAM Algorithms,(general),serial,2003.0,FastSlam,$O(m \log n)$ per iteration,,,an undefined parameter,False,"approximation algorithm, not comparable to an exact runtime"
Solutions to Nonlinear Equations,Solutions to Nonlinear Equations,(general),serial,-1400.0,Secant method,$O(n_{max})$,,,an undefined parameter,False,year missing or outside 1950-2026
Solutions to Nonlinear Equations,Solutions to Nonlinear Equations,(general),serial,-200.0,Regula Falsi method,$O(n_{max})$,,,an undefined parameter,False,year missing or outside 1950-2026
Solutions to Nonlinear Equations,Solutions to Nonlinear Equations,(general),serial,-150.0,Bisection method,$O(n_{max})$,,,an undefined parameter,False,year missing or outside 1950-2026
Solutions to Nonlinear Equations,Solutions to Nonlinear Equations,(general),serial,1669.0,Newton's method,$O(n_{max})$,,,an undefined parameter,False,year missing or outside 1950-2026
Sorting,Comparison Sorting,(general),parallel,1968.0,odd-even sort - Batcher,$O(n \log^2{n})$,n,elements,elements in the input,True,kept
Sorting,Comparison Sorting,(general),parallel,1968.0,Bitonic sort - Batcher,$O(n \log^2{n})$,n,elements,elements in the input,True,kept
Sorting,Comparison Sorting,(general),parallel,1971.0,Batcher's bitonic sort using perfect shuffle - Stone,$O(n \log{n})$,n,elements,elements in the input,True,kept
Sorting,Comparison Sorting,(general),parallel,1971.0,Van Voorhis,$O(n \log^2{n})$,n,elements,elements in the input,True,kept
Sorting,Comparison Sorting,(general),parallel,1972.0,Shellsort on sorting networks- Pratt,$O(n \log^2{n})$,n,elements,elements in the input,True,kept
Sorting,Comparison Sorting,(general),parallel,1975.0,"Parallel Neighborhood sort - Baudet, Stevenson",$O(n \log{n})$,n,elements,elements in the input,True,kept
Sorting,Comparison Sorting,(general),parallel,1975.0,Muller and Preperata,$O(n^2)$,n,elements,elements in the input,True,kept
Sorting,Comparison Sorting,(general),parallel,1975.0,"Drysdale, Young",$O(n \log^2{n})$,n,elements,elements in the input,True,kept
Sorting,Non-Comparison Sorting; Integer Sorting,integer sorting; non-comparison sorting,parallel,1977.0,Parallel bucket-sort - Hirschberg (1),$O(n \\log{n})$,n,elements,elements in the input,True,kept
Sorting,Non-Comparison Sorting; Integer Sorting,integer sorting; non-comparison sorting,parallel,1977.0,Parallel bucket-sort - Hirschberg (2),$O(k \log{n} n^(1+1/k))$,,,elements in the input,False,"also depends on 'k' (arbitrary int 2), which has no worst-case bound in terms of elements in the input"
Sorting,Comparison Sorting,(general),parallel,1977.0,Preperata (1),$O(n \log^2{n})$,n,elements,elements in the input,True,kept
Sorting,Comparison Sorting,(general),parallel,1977.0,Preperata (2),$n^(1+alpha) \log{n}$,,,elements in the input,False,"also depends on 'alpha' (arbitrary positive number 1 but o log n loglog n o 1 alpha log n), which has no worst-case bound in terms of elements in the input"
Sorting,Comparison Sorting,(general),parallel,1977.0,s^2-way merge sort - Thompson and Kung (1),$O(n^1.5)$,n,elements,elements in the input,True,kept
Sorting,Comparison Sorting,(general),parallel,1977.0,adaptation of Batcher's bitonic merge sort - Thompson and Kung (2),$O(n^1.5)$,n,elements,elements in the input,True,kept
Sorting,Comparison Sorting,(general),parallel,1978.0,"Rebound sort - Chen, Lum, Tung",$O(n^2)$,n,elements,elements in the input,True,kept
Sorting,Comparison Sorting,(general),parallel,1978.0,"Odd-even transposition sort w/ uniform ladder - Chen, Eswaran, Lum, Tung",$O(n^2)$,n,elements,elements in the input,True,kept
Sorting,Comparison Sorting,(general),parallel,1978.0,Todd,$O(n\log{n})$,n,elements,elements in the input,True,kept
Sorting,Comparison Sorting,(general),parallel,1979.0,Nassimi and Sahni,$O(n^1.5)$,n,elements,elements in the input,True,kept
Sorting,Comparison Sorting,(general),parallel,1979.0,Preperata and Vuillemin,$O(n\log^2{n})$,n,elements,elements in the input,True,kept
Sorting,Comparison Sorting,(general),parallel,1980.0,odd-even sort - Hsiao and Menon (1),$O(n \log{n/p} + np)$,,,elements in the input,False,"also depends on 'p' (processors), which has no worst-case bound in terms of elements in the input"
Sorting,Comparison Sorting,(general),parallel,1980.0,modified Stone sort - Hsiao and Menon (2),$O(n \log{n/p} + n \log^2{p})$,,,elements in the input,False,"also depends on 'p' (processors), which has no worst-case bound in terms of elements in the input"
Sorting,Comparison Sorting,(general),parallel,1980.0,specialized minimum time sort - Hsiao and Menon (3),$O(n \log{n/p})$,,,elements in the input,False,"also depends on 'p' (processors), which has no worst-case bound in terms of elements in the input"
Sorting,Comparison Sorting,(general),parallel,1980.0,"sorting on two or more ladders - Chin, Fok",$O(n^2)$ ?,n,elements,elements in the input,True,kept
Sorting,Comparison Sorting,(general),parallel,1981.0,Haggkvist and Hell,$O(n^(3/2) \log{n})$,n,elements,elements in the input,True,kept
Sorting,Comparison Sorting,(general),parallel,1981.0,Lee et al.,$O(n^2)$,n,elements,elements in the input,True,kept
Sorting,Comparison Sorting,(general),parallel,1981.0,Shiloach and Vishkin,$O(n \log n)$ if p<n or $O(p log n)$ if p>=n,n,elements,elements in the input,True,kept
Sorting,Comparison Sorting,(general),parallel,1981.0,Reischuk,$O(n \\log{n})$ expected,n,elements,elements in the input,True,kept
Sorting,Comparison Sorting,(general),parallel,1982.0,Dohi et al.,$2^l n b \tau (a+1+(n-l)/2^(l-1))$,,,elements in the input,False,"formula depends on too many parameters (a, b, l, n, tau)"
Sorting,Comparison Sorting,(general),parallel,1982.0,Parallel enumeration sorting scheme - Yasuura et al.,$O(n^2)$,n,elements,elements in the input,True,kept
Sorting,Comparison Sorting,(general),parallel,1982.0,"N&S sort - Nassimi, Sahni",$O(n^(1+1/k) k \log{n})$,,,elements in the input,False,"also depends on 'k' (an undefined parameter), which has no worst-case bound in terms of elements in the input"
Sorting,Comparison Sorting,(general),parallel,1982.0,"Cheung, Dhall, Lakshmivarahan, Miller, Walker",$O(n\log{n})$,n,elements,elements in the input,True,kept
Sorting,Comparison Sorting,(general),parallel,1983.0,"Ajtai, Komlos, Szemeredi (AKS)",$O(n \\log^2{n})$ ?,n,elements,elements in the input,True,kept
Sorting,Comparison Sorting,(general),parallel,1983.0,Kumar and Hirschberg,$11n^(3/2)t_r+2nlog n^(1/2) t_c +5/2 n^(3/2) t_e$,,,elements in the input,False,"formula depends on too many parameters (n, t_c, t_e, t_r)"
Sorting,Comparison Sorting,(general),parallel,1983.0,Kruskal,$O(n \\log{n} \\log{\\log{n}} / \\log{\\log{\\log{n}}})$,n,elements,elements in the input,True,kept
Sorting,Comparison Sorting,(general),parallel,1983.0,Akl,$O(n \log{n})$,n,elements,elements in the input,True,kept
Sorting,Comparison Sorting,(general),parallel,1983.0,Reif and Valiant,$O(n \\log{n})$ expected,n,elements,elements in the input,True,kept
Sorting,Comparison Sorting,(general),parallel,1983.0,"Miranker, Tang, Wong",$O(n^2)$,n,elements,elements in the input,True,kept
Sorting,Comparison Sorting,(general),parallel,1983.0,Bollobas and Thomason,$O(\lfloor n^1.5 \log{n} \rfloor)$,n,elements,elements in the input,True,kept
Sorting,Comparison Sorting,(general),parallel,1984.0,Cyclic sort - Johnsson (1),$O(np \log n/p)$ when p<<n O(nlog^2(n)) when n~=p,n,elements,elements in the input,True,kept
Sorting,Comparison Sorting,(general),parallel,1984.0,Consecutive sort - Johnsson (2),$O(np \log n/p)$ when p<<n O(nlog^2(n)) when n~=p,n,elements,elements in the input,True,kept
Sorting,Non-Comparison Sorting;,non-comparison sorting,parallel,1984.0,Bucket sort - Johnsson (3),$O(n+pL)$ when p<=L O(n+pL+plog p \log L) when p>L,,,elements in the input,False,"also depends on 'L' (number buckets elements sorted into), 'p' (processors), which has no worst-case bound in terms of elements in the input"
Sorting,Comparison Sorting,(general),parallel,1984.0,"re-circulating systolic sorter (RSS) - Wong, Ito",$O(n^2)$,n,elements,elements in the input,True,kept
Sorting,Non-Comparison Sorting; Integer Sorting,integer sorting; non-comparison sorting,parallel,1985.0,Reif,$O(n)$ expected,n,elements,elements in the input,True,kept
Sorting,Comparison Sorting,(general),parallel,1985.0,Reischuk,$O(n \\log{n})$ expected,n,elements,elements in the input,True,kept
Sorting,Comparison Sorting,(general),parallel,1985.0,n-sorter - Tseng and Lee,$O(n^{\log{m}/ \log{n}} \log^2{mn} / \log^2{n})$,,,elements in the input,False,cannot tell what m means (no definition given and the family is inconsistent)
Sorting,Comparison Sorting,(general),parallel,1985.0,"Lang, Schimmler, Schmeck and Schroder",$O(n^(3/2))$,n,elements,elements in the input,True,kept
Sorting,Non-Comparison Sorting,non-comparison sorting,parallel,1985.0,"Owens, JaJa (1)",$O(np +n^2/p)$,,,elements in the input,False,"also depends on 'p' (processors), which has no worst-case bound in terms of elements in the input"
Sorting,Non-Comparison Sorting,non-comparison sorting,parallel,1985.0,"Owens, JaJa (2)",$O(n p^{1/2} +n^2/p)$,,,elements in the input,False,"also depends on 'p' (processors), which has no worst-case bound in terms of elements in the input"
Sorting,Comparison Sorting,(general),parallel,1985.0,Rudolph,$O(n \log^2{n})$,n,elements,elements in the input,True,kept
Sorting,Comparison Sorting,(general),parallel,1985.0,Han,$O(1/ \alpha n \log^(\alpha+1){n})$,,,elements in the input,False,formula not usable: could not parse '1/ alpha n log ^( alpha +1)*(n)' (TypeError)
Sorting,Non-Comparison Sorting; Integer Sorting,integer sorting; non-comparison sorting,parallel,1986.0,"Wagner, Han",$O(ceiling(\log m/ \log(n/p + \log p))(n+p \log p)$,,,elements in the input,False,"also depends on 'm' (an undefined parameter), 'p' (processors), which has no worst-case bound in terms of elements in the input"
Sorting,Comparison Sorting,(general),parallel,1986.0,"Schnorr, Shamir",$O(n^{3/2})$ ?,n,elements,elements in the input,True,kept
Sorting,Comparison Sorting,(general),parallel,1986.0,Kunde,$O(n^{4/3})$,n,elements,elements in the input,True,kept
Sorting,,(general),parallel,1986.0,"Alon, Azar, Vishkin",$O(n^(1+1/k))$ expected,,,elements in the input,False,"also depends on 'k' (number rounds k 1), which has no worst-case bound in terms of elements in the input"
Sorting,Non-Comparison Sorting; Integer Sorting,integer sorting; non-comparison sorting,parallel,1986.0,"Tsukennan, Gray, Stewart, Uren, Vaughan",$O(n \log{\log{n}} $,n,elements,elements in the input,True,kept
Sorting,Non-Comparison Sorting; Integer Sorting,integer sorting; non-comparison sorting,parallel,1987.0,Hagerup,$O(n \log{\log{n}} $,n,elements,elements in the input,True,kept
Sorting,Comparison Sorting,(general),parallel,1987.0,"Akl, Santoro",$O(n \log{n})$,n,elements,elements in the input,True,kept
Sorting,Comparison Sorting,(general),parallel,1987.0,paralleldouble distributive partitioning sort - Noga,$O(n^2)$,n,elements,elements in the input,True,kept
Sorting,Comparison Sorting,(general),parallel,1988.0,Kunde,$rn^2+O(n^{2-1/r})$,,,elements in the input,False,formula not usable: nested asymptotic notation has no determinate value
Sorting,Comparison Sorting,(general),parallel,1988.0,Parallel Merge Sort - Cole (1),$O(n \log{n})$,n,elements,elements in the input,True,kept
Sorting,Comparison Sorting,(general),parallel,1988.0,Parallel Merge Sort - Cole (2),$O(n \log{n})$,n,elements,elements in the input,True,kept
Sorting,Comparison Sorting,(general),parallel,1988.0,Francis and Mathieson,$O(n \log{n})$,n,elements,elements in the input,True,kept
Sorting,Comparison Sorting,(general),parallel,1988.0,parallel shellsort - Quinn,$O(p n^{3/2})$,,,elements in the input,False,"also depends on 'p' (processors), which has no worst-case bound in terms of elements in the input"
Sorting,Comparison Sorting,(general),parallel,1988.0,Quicksort with quickmerge - Quinn,$O(n^2/p+p^2 \log{n/p}+np \log{p} + p^2)$,,,elements in the input,False,"also depends on 'p' (processors), which has no worst-case bound in terms of elements in the input"
Sorting,Comparison Sorting,(general),parallel,1988.0,Jagadish,$O(np)$,,,elements in the input,False,"also depends on 'p' (processors), which has no worst-case bound in terms of elements in the input"
Sorting,Comparison Sorting,(general),parallel,1988.0,"Saxena, Bhatt, Prasad",$O(nm \log{n}/\log{\log{m}})$,,,elements in the input,False,"also depends on 'm' (uses m way merge m m n), which has no worst-case bound in terms of elements in the input"
Sorting,Non-Comparison Sorting; Integer Sorting,integer sorting; non-comparison sorting,parallel,1989.0,"Rajesekaran, Reif (1)",$O(n)$ expected,n,elements,elements in the input,True,kept
Sorting,Comparison Sorting,(general),parallel,1989.0,"Rajesekaran, Reif (2)",$O(n(\\log{n})^(1+\\epsilon)/ \\log{\\log{n}})$ expected,,,elements in the input,False,"also depends on 'epsilon' (epsilon balanced normally o 1), which has no worst-case bound in terms of elements in the input"
Sorting,Non-Comparison Sorting; Integer Sorting,integer sorting; non-comparison sorting,parallel,1989.0,"Rajesekaran, Reif (3)",$O(n \\log{\\log{n}})$ expected,n,elements,elements in the input,True,kept
Sorting,,(general),parallel,1989.0,"shearsort - Scherson, Sen",$n \log{n} +O(n \log{\log{n}})$,,,elements in the input,False,formula not usable: nested asymptotic notation has no determinate value
Sorting,Comparison Sorting,(general),parallel,1989.0,"Hagerub, Rub",$n \log{n} +O(n \log{\log{n}})$,,,elements in the input,False,formula not usable: nested asymptotic notation has no determinate value
Sorting,Comparison Sorting,(general),parallel,1989.0,"Bitonic Merge Sort Parallel Implementation - Bilardi, Nicolau",$O(n \log{n})$,n,elements,elements in the input,True,kept
Sorting,Non-Comparison Sorting; Integer Sorting,integer sorting; non-comparison sorting,parallel,1989.0,Parallel iterated bucket sort - Chlebus,$O(n)$,n,elements,elements in the input,True,kept
Sorting,Comparison Sorting,(general),parallel,1989.0,SmoothSort - Plaxton (adaptive),$O(n \log^2{p}/ \loxg{n/p} + p \log^3{p} \loxg{n/p})$,,,elements in the input,False,"also depends on 'p' (processors), which has no worst-case bound in terms of elements in the input"
Sorting,Comparison Sorting,(general),parallel,1989.0,SmoothSort - Plaxton (nonadaptive),$O(n \log^2{p} / \log{n/(p \log{p})})$,,,elements in the input,False,"also depends on 'p' (processors), which has no worst-case bound in terms of elements in the input"
Sorting,Comparison Sorting,(general),parallel,1989.0,SquareSort - Plaxton,$O(n \log^2{n})$,n,elements,elements in the input,True,kept
Sorting,Comparison Sorting,(general),parallel,1989.0,"parallel binsort 0 - Seidel, George (1)",$O(n \\log{n/p} t_c +n t_s/r)$ expected,,,elements in the input,False,"formula depends on too many parameters (n, p, r, t_c, t_s)"
Sorting,Comparison Sorting,(general),parallel,1989.0,"parallel binsort 1 - Seidel, George (2)",$O(n \\log{n} t_c +n t_s/r)$ expected,,,elements in the input,False,"formula depends on too many parameters (n, r, t_c, t_s)"
Sorting,Comparison Sorting,(general),parallel,1989.0,"parallel binsort 2 - Seidel, George (3)",$O(n \\log{n} t_c +n t_s/r)$ expected,,,elements in the input,False,"formula depends on too many parameters (n, r, t_c, t_s)"
Sorting,Comparison Sorting,(general),parallel,1989.0,"Periodic Balanced Sorting Network - Dowd, Perl, Rudolph, Saks",$O(n \log^4{n})$,n,elements,elements in the input,True,kept
Sorting,Comparison Sorting,(general),parallel,1989.0,"Aggarwal, Chandra, Snir",$O(np \log{n}/p + lp \log{p})$,,,elements in the input,False,formula uses 2 different symbols that all mean elements in the input
Sorting,Comparison Sorting,(general),parallel,1989.0,"Martel, Gusfield",$O(n \\log{n})$ expected,n,elements,elements in the input,True,kept
Sorting,Comparison Sorting,(general),parallel,1990.0,"Takefuji, Lee",$O(n^2)$,n,elements,elements in the input,True,kept
Sorting,Non-Comparison Sorting; Integer Sorting,integer sorting; non-comparison sorting,parallel,1990.0,"Hagerup, Shen",$O(n)$,n,elements,elements in the input,True,kept
Sorting,Non-Comparison Sorting; Integer Sorting,integer sorting; non-comparison sorting,parallel,1990.0,Raman,$O(n \\log{\\log{m}})$ expected,,,elements in the input,False,"also depends on 'm' (an undefined parameter), which has no worst-case bound in terms of elements in the input"
Sorting,Comparison Sorting,(general),parallel,1990.0,"Sharesort - Cypher, Plaxton",$O(n \log{n} (\log{\log{n}})^2)$,n,elements,elements in the input,True,kept
Sorting,Comparison Sorting,(general),parallel,1990.0,"Leighton, Plaxton (1)",$O(n \\log{n})$ expected,n,elements,elements in the input,True,kept
Sorting,Comparison Sorting,(general),parallel,1990.0,"Leighton, Plaxton (2)",$O(mn \\log{n} + n \\log^2{n})$ expected,,,elements in the input,False,"also depends on 'm' (an undefined parameter), which has no worst-case bound in terms of elements in the input"
Sorting,Comparison Sorting,(general),parallel,1990.0,"Abali, Ozguner, Bataineh",$O(n \\log n)$ ?? assuming n>>p$,,,elements in the input,False,"measured in processors, but this family is compared in elements in the input"
Sorting,Comparison Sorting,(general),parallel,1990.0,"AGGARWAL, CHANDRA, SNIR",$O(n \log{n}/(p \log{n/p}))$,,,elements in the input,False,"also depends on 'p' (processors), which has no worst-case bound in terms of elements in the input"
Sorting,Non-Comparison Sorting,non-comparison sorting,parallel,1990.0,"Kruskal, Rudolph, Snir",$O(n \log{n}/ \log{n/p} +m)$,,,elements in the input,False,"also depends on 'm' (an undefined parameter), 'p' (processors), which has no worst-case bound in terms of elements in the input"
Sorting,Comparison Sorting,(general),parallel,1990.0,"Wang, Chen, Lin",$O(n^3)$,n,elements,elements in the input,True,kept
Sorting,Comparison Sorting,(general),parallel,1990.0,"Dey, Srimani",$O(n^2)$,n,elements,elements in the input,True,kept
Sorting,Comparison Sorting,(general),parallel,1990.0,"Parasort - Wheat, Evans",$O(n^2/p +(5n/3 + 2p \log^2{n/p} +p) \log{p+1} + 2p \log^3{p+1}/3 + p)$,,,elements in the input,False,"also depends on 'p' (processors), which has no worst-case bound in terms of elements in the input"
Sorting,Comparison Sorting,(general),parallel,1990.0,Powers,$O(n \log{n})$,n,elements,elements in the input,True,kept
Sorting,Comparison Sorting,(general),parallel,1990.0,Paterson,$O(n \log{n})$,n,elements,elements in the input,True,kept
Sorting,Comparison sorting,(general),parallel,1990.0,"Heidelberger, Norton, Robinson",$O(n \\log{n})$ expected,n,elements,elements in the input,True,kept
Sorting,,(general),parallel,1990.0,Tang,,,,elements in the input,False,formula not usable: no formula recorded
Sorting,Non-Comparison Sorting; Integer Sorting,integer sorting; non-comparison sorting,parallel,1990.0,Chen (1),$O(n)$,n,elements,elements in the input,True,kept
Sorting,Non-Comparison Sorting; Integer Sorting,integer sorting; non-comparison sorting,parallel,1990.0,Chen (2),$O(n)$,n,elements,elements in the input,True,kept
Sorting,Comparison Sorting,(general),parallel,1990.0,"Huang, Kleinrock",$O(n \log{n})$,n,elements,elements in the input,True,kept
Sorting,Comparison Sorting,(general),parallel,1990.0,"Lin, Lin",$O(n^2)$,n,elements,elements in the input,True,kept
Sorting,Non-Comparison Sorting; Integer Sorting,integer sorting; non-comparison sorting,parallel,1991.0,"Bhatt, Diks, Hagerup, Prasad, Radzik, Saxena",$O(n \log{\log{m}})$,,,elements in the input,False,"also depends on 'm' (an undefined parameter), which has no worst-case bound in terms of elements in the input"
Sorting,Non-Comparison Sorting; Integer Sorting,integer sorting; non-comparison sorting,parallel,1991.0,"Matias, Vishkin (random)",$O(n \\log{\\log{m}})$ expected,,,elements in the input,False,"also depends on 'm' (an undefined parameter), which has no worst-case bound in terms of elements in the input"
Sorting,Non-Comparison Sorting; Integer Sorting,integer sorting; non-comparison sorting,parallel,1991.0,"Matias, Vishkin (deterministic)",$O(n \log{\log{m}})$,,,elements in the input,False,"also depends on 'm' (an undefined parameter), which has no worst-case bound in terms of elements in the input"
Sorting,Comparison Sorting,(general),parallel,1991.0,"Deo, Sarkar",$O(n \log{n/p} + (n + p \log{p} \log{n}) \log{n/p})$,,,elements in the input,False,"also depends on 'p' (processors), which has no worst-case bound in terms of elements in the input"
Sorting,Comparison Sorting,(general),parallel,1991.0,"Parallel Quicksort - Chlebus, Vrt'o",$O(n \\log{n})$ expected,n,elements,elements in the input,True,kept
Sorting,Comparison Sorting,(general),parallel,1991.0,"Das, Moser, Melliar-Smith",$O(n \log^2{n})$,n,elements,elements in the input,True,kept
Sorting,Comparison Sorting,(general),parallel,1992.0,"Cube Sort Parallel Implementation - Cypher, Sanz",$O(n \log^2{n} / \log{n/p})$,,,elements in the input,False,"also depends on 'p' (processors), which has no worst-case bound in terms of elements in the input"
Sorting,Comparison Sorting,(general),parallel,1992.0,"Varman, Doshi",$O(n \log{n})$,n,elements,elements in the input,True,kept
Sorting,Comparison Sorting,(general),parallel,1992.0,"Parallel sorting by regular sampling (PSRS) - Shi, Schaeffer",$O(n \log{n})$,n,elements,elements in the input,True,kept
Sorting,Comparison Sorting,(general),parallel,1992.0,"MeshSort (generalized Bitonic and Shear Sort) - Corbett, Scherson",$O(n^{k+1}k^2 \log{n})$,,,elements in the input,False,"also depends on 'k' (an undefined parameter), which has no worst-case bound in terms of elements in the input"
Sorting,Non-Comparison Sorting; Integer Sorting,integer sorting; non-comparison sorting,parallel,1992.0,"Rajesekaran, Sen",$O(n \log{n} \log{\log{\log{n}}} / \log{\log{n}})$,n,elements,elements in the input,True,kept
Sorting,Comparison Sorting,(general),parallel,1992.0,"Hagerup, Raman (comparsion)",$O(kn \\log{n}/ \\log{k})$ expected,,,elements in the input,False,"also depends on 'k' (an undefined parameter), which has no worst-case bound in terms of elements in the input"
Sorting,Non-Comparison Sorting; Integer Sorting,integer sorting; non-comparison sorting,parallel,1992.0,"Hagerup, Raman (random ints)",$O(n)$ expected,n,elements,elements in the input,True,kept
Sorting,Non-Comparison Sorting; Integer Sorting,integer sorting; non-comparison sorting,parallel,1992.0,"Hagerup, Raman (ints in range)",$O(n)$ expected,n,elements,elements in the input,True,kept
Sorting,Non-Comparison Sorting; Integer Sorting,integer sorting; non-comparison sorting,parallel,1992.0,"Hagerup, Raman (ints in range, stable)",$O(kn \\log{\\log{n}}/ \\log{k})$ expected,,,elements in the input,False,"also depends on 'k' (an undefined parameter), which has no worst-case bound in terms of elements in the input"
Sorting,Non-Comparison Sorting; Integer Sorting,integer sorting; non-comparison sorting,parallel,1992.0,"Chen, Das",$O(n)$,n,elements,elements in the input,True,kept
Sorting,Comparison Sorting,(general),parallel,1992.0,Pairwise Sorting Network - Parberry,$n\log{n}(\log{n}-1)/4 + n-1$,n,elements,elements in the input,True,kept
Sorting,Comparison Sorting,(general),parallel,1993.0,"Padded-sort - Hagerup, Raman",$kn^2 \log{n}/ \log{k} (\log{\log{k}})^5(2^(O(\log*{n}-\log*{k}+1)))$,,,elements in the input,False,formula not usable: nested asymptotic notation has no determinate value
Sorting,Comparison Sorting,(general),parallel,1993.0,"Kale, Krishnan",,,,elements in the input,False,formula not usable: no formula recorded
Sorting,Non-Comparison Sorting,non-comparison sorting,parallel,1993.0,"Vaidyanathan, Hartmann, Varshney",$O(m t(n)p(n)/ \log{n})$,,,elements in the input,False,"formula depends on too many parameters (m, n, p, t)"
Sorting,Comparison Sorting,(general),parallel,1993.0,"T&B sort - Tridgell, Brent",,,,elements in the input,False,formula not usable: no formula recorded
Sorting,Comparison Sorting,(general),parallel,1993.0,"generalized bitonic sort - Liszka, Batcher",$O(n \log^4{n})$,n,elements,elements in the input,True,kept
Sorting,Comparison Sorting,(general),parallel,1993.0,"Chen, Reif",$O(n \log{\log{n/H})$,,,elements in the input,False,"also depends on 'H' (binary entropy), which has no worst-case bound in terms of elements in the input"
Sorting,,(general),parallel,1993.0,"Tianzhen, Zhou, Xiozhen",,,,elements in the input,False,formula not usable: no formula recorded
Sorting,Comparison Sorting; Non-Comparison Sorting,(general); non-comparison sorting,parallel,1994.0,"Parallel Sorting by OverPartitioning (PSOP) - Li, Sevcik (Quicksort / PQOP)",,,,elements in the input,False,formula not usable: no formula recorded
Sorting,"Comparison sorting, Non-Comparison sorting","comparison sorting, non-comparison sorting",parallel,1994.0,"Parallel Sorting by OverPartitioning (PSOP) - Li, Sevcik (Radix sort / PROP)",,,,elements in the input,False,formula not usable: no formula recorded
Sorting,Comparison Sorting,(general),parallel,1994.0,"Chen, Chen",$O(n^(3/2))$,n,elements,elements in the input,True,kept
Sorting,Comparison Sorting,(general),parallel,1994.0,"Chen, Chen (generalized)",$O(n^(1+1/(k-1)))$,,,elements in the input,False,"also depends on 'k' (mesh dimensions k 4), which has no worst-case bound in terms of elements in the input"
Sorting,Comparison Sorting,(general),parallel,1994.0,"Gibbons, Matias, Ramachandran (1)",$O(n \log n)$,n,elements,elements in the input,True,kept
Sorting,Comparison Sorting,(general),parallel,1994.0,"Gibbons, Matias, Ramachandran (2)",$O(n \log n)$,n,elements,elements in the input,True,kept
Sorting,Comparison Sorting,(general),parallel,1994.0,"Gibbons, Matias, Ramachandran (3)",$O(n \log n)$,n,elements,elements in the input,True,kept
Sorting,Comparison Sorting,(general),parallel,1994.0,"Nikolopoulos, Danielopoulos",$O(n \log^2{n})$,n,elements,elements in the input,True,kept
Sorting,Non-Comparison Sorting; Integer Sorting,integer sorting; non-comparison sorting,parallel,1995.0,Han and Shen,"$O(n min(\log \log n, \log \log m/\log n))$",,,elements in the input,False,"also depends on 'm' (an undefined parameter), which has no worst-case bound in terms of elements in the input"
Sorting,Non-Comparison Sorting; Integer Sorting,integer sorting; non-comparison sorting,parallel,1995.0,"Bast, Hagerup",$O(n)$,n,elements,elements in the input,True,kept
Sorting,Comparison Sorting,(general),parallel,1995.0,"Das, Sinha",$3n^(4/3) \log(n^(1/3))+14n^(4/3)+O(n^(4/3))$,,,elements in the input,False,formula not usable: nested asymptotic notation has no determinate value
Sorting,Non-Comparison Sorting; Integer Sorting,integer sorting; non-comparison sorting,parallel,1995.0,"Andersson, Hagerup, Nilsson, Raman (1)",$O(n loglog n)$,n,elements,elements in the input,True,kept
Sorting,Non-Comparison Sorting; Integer Sorting,integer sorting; non-comparison sorting,parallel,1995.0,"Andersson, Hagerup, Nilsson, Raman (2)",$O(n)$ expected,n,elements,elements in the input,True,kept
Sorting,Comparison Sorting,(general),parallel,1995.0,"MM-sort - Zhang, Zheng",$O(n \log p)$,,,elements in the input,False,"also depends on 'p' (processors), which has no worst-case bound in terms of elements in the input"
Sorting,Comparison Sorting,(general),parallel,1995.0,"Jang, Prasanna",$O(n^2)$,n,elements,elements in the input,True,kept
Sorting,Comparison Sorting,(general),parallel,1995.0,"(padded sorting) Goldberg, Zwick",$O(kn \log n/(\log k) loglog^3(k) 2^(O(\log*n-\log*k))$,,,elements in the input,False,formula not usable: nested asymptotic notation has no determinate value
Sorting,Comparison Sorting,(general),parallel,1995.0,"Tridgell, Brent",$O(n \log{n/p} +np)$,,,elements in the input,False,"also depends on 'p' (processors), which has no worst-case bound in terms of elements in the input"
Sorting,Comparison Sorting,(general),parallel,1995.0,Parallel Sorting by Median-Median (PSMM) - Min,$O(n \log{n/p} +p^3 \log{n/p})$,,,elements in the input,False,"also depends on 'p' (processors), which has no worst-case bound in terms of elements in the input"
Sorting,Comparison Sorting,(general),parallel,1995.0,"Louri, Hatch, Na",$O(n^2)$ ?,n,elements,elements in the input,True,kept
Sorting,Comparison Sorting,(general),parallel,1995.0,"Zhang, Zheng",$O(n\log{n})$,n,elements,elements in the input,True,kept
Sorting,Comparison Sorting,(general),parallel,1996.0,Goodrich,$O(n \log(n) + (Lp+gn)(\log(n)/(\log(n/p)))$,,,elements in the input,False,"formula depends on too many parameters (L, g, n, p)"
Sorting,Comparison Sorting,(general),parallel,1996.0,"Gerbessiotis, Siniolakis",$O(n \log n) computation + O(gn) communication$,,,elements in the input,False,formula not usable: nested asymptotic notation has no determinate value
Sorting,Comparison Sorting,(general),parallel,1996.0,"Olariu, Schwing",$O(n^2)$,n,elements,elements in the input,True,kept
Sorting,Comparison Sorting,(general),parallel,1996.0,Jianxian,$O(n \log n)$,n,elements,elements in the input,True,kept
Sorting,Comparison Sorting,(general),parallel,1996.0,"JaJa, Ryu, Vishkin (1)",$O(n \log n +m)$,,,elements in the input,False,"also depends on 'm' (number symbols alphabet), which has no worst-case bound in terms of elements in the input"
Sorting,Comparison Sorting,(general),parallel,1996.0,"JaJa, Ryu, Vishkin (2)",$O(n \log n +m)$,,,elements in the input,False,"also depends on 'm' (number symbols alphabet), which has no worst-case bound in terms of elements in the input"
Sorting,Comparison Sorting,(general),parallel,1996.0,"samplesort - Helman, JaJa, Bader (1)",$O(n \log{n})$,n,elements,elements in the input,True,kept
Sorting,Comparison Sorting,(general),parallel,1996.0,"regular sampling - Helman, JaJa, Bader (2)",$O(n \log{n})$,n,elements,elements in the input,True,kept
Sorting,Non-Comparison Sorting; Integer Sorting,integer sorting; non-comparison sorting,parallel,1996.0,"Folwell, Guha, Suzuki",$O(n^2.5)$,n,elements,elements in the input,True,kept
Sorting,Comparison Sorting,(general),parallel,1997.0,Shear-sort - De et al.,,,,elements in the input,False,formula not usable: no formula recorded
Sorting,Non-Comparison Sorting; Integer Sorting,integer sorting; non-comparison sorting,parallel,1997.0,"Albers, Hagerup (1)",$O(n sqrt(\log n loglog n) + n \log^2(n)/t)$,,,elements in the input,False,"also depends on 't' (an undefined parameter), which has no worst-case bound in terms of elements in the input"
Sorting,Non-Comparison Sorting; Integer Sorting,integer sorting; non-comparison sorting,parallel,1997.0,"Albers, Hagerup (2)",$O(n sqrt(\log n) + n \log n/2^(t/\log n))$,,,elements in the input,False,"also depends on 't' (an undefined parameter), which has no worst-case bound in terms of elements in the input"
Sorting,Non-Comparison Sorting; Integer Sorting,integer sorting; non-comparison sorting,parallel,1997.0,"Albers, Hagerup (3)",$O(n)$,n,elements,elements in the input,True,kept
Sorting,Non-Comparison Sorting,non-comparison sorting,parallel,1997.0,"Jang, Kim",$O(4^k n^(k+1))$,,,elements in the input,False,"also depends on 'k' (an undefined parameter), which has no worst-case bound in terms of elements in the input"
Sorting,Comparison Sorting,(general),parallel,1998.0,"variation of sample sort - Helman, Bader, JaJa",$O(nlog(n))$,n,elements,elements in the input,True,kept
Sorting,,(general),parallel,1998.0,"Load Balanced Parallel Radix Sort - Sohn, Kodama",,,,elements in the input,False,formula not usable: no formula recorded
Sorting,Comparison Sorting,(general),parallel,1999.0,"ZZ-sort - Zheng, Calidas, Zhang",$O(n \log p (f(p)+\log(n/p))$,,,elements in the input,False,"also depends on 'f' (an undefined parameter), 'p' (processors), which has no worst-case bound in terms of elements in the input"
Sorting,Comparison Sorting,(general),parallel,1999.0,"Zhang, Zheng",$O(n \log p)$,,,elements in the input,False,"also depends on 'p' (processors), which has no worst-case bound in terms of elements in the input"
Sorting,Non-Comparison Sorting,non-comparison sorting,parallel,2000.0,"partitioned parallel radix (PPR) sort - Lee, Jeon, Sohn, Kim",$ceilling(b/g)*p + communication$,,,elements in the input,False,"formula depends on too many parameters (a, b, c, i, l, m, n, o, p, t, u)"
Sorting,Comparison Sorting,(general),parallel,2000.0,"Sinkha, Mukherjee",$O((t^2-3t+2)n^{t+1})$,,,elements in the input,False,"also depends on 't' (dimensions mesh), which has no worst-case bound in terms of elements in the input"
Sorting,Non-Comparison Sorting; Integer Sorting,integer sorting; non-comparison sorting,parallel,2001.0,Han,$O(n(\log \log n)^2/\log \log \log n)$,n,elements,elements in the input,True,kept
Sorting,Comparison Sorting,(general),parallel,2001.0,"Gerbessiotis, Siniolakis",,,,elements in the input,False,formula not usable: no formula recorded
Sorting,,(general),parallel,2002.0,Cerin,,,,elements in the input,False,formula not usable: no formula recorded
Sorting,Non-Comparison Sorting; Integer Sorting,integer sorting; non-comparison sorting,parallel,2002.0,"Han, Shen",$O(n sqrt((\log n)/k))$,,,elements in the input,False,cannot tell what k means (no definition given and the family is inconsistent)
Sorting,Comparison Sorting,(general),parallel,2002.0,Canturk,$O(n \log(np))$ ?,,,elements in the input,False,"also depends on 'p' (processors), which has no worst-case bound in terms of elements in the input"
Sorting,Comparison Sorting,(general),parallel,2003.0,"load balanced parallel merge sort - Jeon, Kim",$k_1 n \log p + k_2 (n + p \\delta) \log p$,,,elements in the input,False,"formula depends on too many parameters (delta, k_1, k_2, n, p)"
Sorting,Comparison Sorting,(general),parallel,2004.0,"Parallel Sorting by Exact Splitting (PSES) - Dian, Zhizhong","$O(n\log{n/p} + p^2\log{p}\log{n/2p} + n\log{p})$
$2(p-1)^2+4p(p-1)\log{n/2p} + p(p-1) +n)$ communication",,,elements in the input,False,"also depends on 'p' (processors), which has no worst-case bound in terms of elements in the input"
Sorting,Comparison Sorting,(general),parallel,2005.0,"Chen, Levcopoulos",$O(n \log n)$,n,elements,elements in the input,True,kept
Sorting,Comparison Sorting,(general),parallel,2005.0,"Arefin, Hasan",$O(n \log^2{n})$,n,elements,elements in the input,True,kept
Sorting,Comparison Sorting,(general),parallel,2007.0,"Cheng, Shah, Gilbert, Edelman","$O(n \log n + gn +\log n max(Lp,gp^3 \log(n))$",,,elements in the input,False,"formula depends on too many parameters (L, g, n, p)"
Sorting,Comparison Sorting,(general),parallel,2007.0,"partition and concurrent merging (PCM) - Herruzo, Ruiz, Benavides, Plata",$O(n \log (n/p) +np)$,,,elements in the input,False,"also depends on 'p' (processors), which has no worst-case bound in terms of elements in the input"
Sorting,Comparison Sorting,(general),parallel,2007.0,"Damrudi, Aval",$O(n/4 sqrt(n/4))$,n,elements,elements in the input,True,kept
Sorting,Comparison Sorting,(general),parallel,2007.0,"partition and concurrent merging (PCM) - Herruzo, Ruiz, Benavides, Plata",$O((n)\log{n/p} + np)$,,,elements in the input,False,"also depends on 'p' (processors), which has no worst-case bound in terms of elements in the input"
Sorting,Comparison Sorting,(general),parallel,2008.0,"Wei, Xiao, Zhang",$(sqrt(2n) + O(n^(3/4)))n$,,,elements in the input,False,formula not usable: nested asymptotic notation has no determinate value
Sorting,Comparison Sorting,(general),parallel,2008.0,"Hongwei, Yafeng",$(\log^2(n) + \log n)^2 n/4 ?$ ?,n,elements,elements in the input,True,kept
Sorting,Comparison Sorting,(general),parallel,2009.0,"Li, Peng, Chu",$O(2^k + m)^2 (2^(2^k m +k) + O(2^k m(2k+1) +k)^2$,,,elements in the input,False,formula not usable: nested asymptotic notation has no determinate value
Sorting,Comparison Sorting,(general),parallel,2009.0,"Dynamic Communication-Efficient parallel Sorting (DCES) - Thanakulwarapas, Werapun",$O(n \log (n/p) + n \log p)$,,,elements in the input,False,"also depends on 'p' (processors), which has no worst-case bound in terms of elements in the input"
Sorting,Comparison Sorting,(general),parallel,2010.0,Multi-sort - Rakesh,$O(n^(5/4))$,n,elements,elements in the input,True,kept
Sorting,Comparison Sorting,(general),parallel,2010.0,"Parallel Sorting by Approximate Selection (PSAS) - Wu, Wu, Shang, Fang",$O(np + n \log(n/p))$,,,elements in the input,False,"also depends on 'p' (processors), which has no worst-case bound in terms of elements in the input"
Sorting,Comparison Sorting,(general),parallel,2010.0,"Li, Peng, Chu",$O((m2^k)^2)*2^(2^k m + 2^k -1) computation + O((km2^k)^2) communication$,,,elements in the input,False,formula not usable: nested asymptotic notation has no determinate value
Sorting,Comparison Sorting,(general),parallel,2011.0,"Man, Ito, Nakano",$O(n \log{n})$,,,elements in the input,False,"measured in szie list, but this family is compared in elements in the input"
Sorting,Comparison Sorting,(general),parallel,2011.0,"Siebert, Wolf",$O(n \log^2 (n))$,n,elements,elements in the input,True,kept
Sorting,Comparison Sorting,(general),parallel,2011.0,adaptive bitonic sorting - Zachmann,$O(n \log{n})$,n,elements,elements in the input,True,kept
Sorting,Comparison Sorting,(general),parallel,2012.0,Bansal,$O(n \\log^2{n})$,n,elements,elements in the input,True,kept
Sorting,Comparison Sorting,(general),parallel,2012.0,"Interval Based Rearrangement (IBR) bitonic sort - Peters, Schulz-Hildebrandt, Luttenberger",$O(n \log{n})$,n,elements,elements in the input,True,kept
Sorting,Comparison Sorting,(general),parallel,2012.0,"Cache-efficient Parallel Sort - Odeh, Green, Mwassi, Shmueli, Birk",$O(n \log n + np/c \log p \log c)$,,,elements in the input,False,"also depends on 'c' (cache size), 'p' (processors), which has no worst-case bound in terms of elements in the input"
Sorting,Non-Comparison Sorting; Integer Sorting,integer sorting; non-comparison sorting,parallel,2012.0,Gerbessiotis,$O(n)$ expected,n,elements,elements in the input,True,kept
Sorting,Non-Comparison Sorting; Integer Sorting,integer sorting; non-comparison sorting,parallel,2012.0,"Han, He (1)",$O(n (\log{n}/ \log{\log{n}})^0.5)$,n,elements,elements in the input,True,kept
Sorting,Non-Comparison Sorting; Integer Sorting,integer sorting; non-comparison sorting,parallel,2012.0,"Han, He (2)",$O(n (\log{n}/ \log{\log{n}})^0.5 \log{\log{\log{n}}})$,n,elements,elements in the input,True,kept
Sorting,Comparison Sorting,(general),parallel,2014.0,"Bosakova-Ardenska, Vasilev, Kostadinova-Georgieva",,,,elements in the input,False,formula not usable: no formula recorded
Sorting,Comparison Sorting,(general),parallel,2015.0,"Axtmann, Bingmann, Sanders, Schulz",$O(p(\alpha \log p + beta n/sqrt(p)) + n \log (n/p))$ ?,,,elements in the input,False,"formula depends on too many parameters (alpha, beta, n, p)"
Sorting,Comparison Sorting,(general),parallel,2015.0,"Blelloch, Fineman, Gibbons, Gu, Shun (1 - PRAM))",$O(n \log n + kn)$,,,elements in the input,False,"also depends on 'k' (cost writes), which has no worst-case bound in terms of elements in the input"
Sorting,Comparison Sorting,(general),parallel,2017.0,"SPMS - Cole, Ramachandran",$O(n \log n)$,n,elements,elements in the input,True,kept
Sorting,Comparison Sorting,(general),parallel,2017.0,"Siebert, Wolf",$O(n \log n + p \log^2(n))$ ?,,,elements in the input,False,"also depends on 'p' (processors), which has no worst-case bound in terms of elements in the input"
Sorting,Comparison Sorting,(general),parallel,2017.0,Parallel modified merge sort - Marszalek,$O(n^2)$,n,elements,elements in the input,True,kept
Sorting,Comparison Sorting,(general),parallel,2017.0,Saukas-Song Selection Algorithm - Boxer,$O(n p^(1/2) \log p + n \log n)$,,,elements in the input,False,"also depends on 'p' (processors), which has no worst-case bound in terms of elements in the input"
Sorting,Comparison Sorting,(general),parallel,2018.0,"Fully Flexible Parallel Merge Sort - Marszalek, Wozniak, Polap",$O(n \log^2(n))$,n,elements,elements in the input,True,kept
Sorting,,(general),parallel,2018.0,"Kim, Choi, Bae",,,,elements in the input,False,formula not usable: no formula recorded
Sorting,Non-Comparison Sorting,non-comparison sorting,parallel,2018.0,"Maurya, Singh",$O(n) + O(p^2 log_3(n/p))$,,,elements in the input,False,formula not usable: nested asymptotic notation has no determinate value
Sorting,Non-Comparison Sorting,non-comparison sorting,parallel,2019.0,"Regions sort - Obeya, Kahssay, Fan, Shun",$O(n \log r)$,,,elements in the input,False,"also depends on 'r' (range 0 r 1), which has no worst-case bound in terms of elements in the input"
Sorting,Comparison Sorting,(general),parallel,2019.0,"Histogram Sort with Sampling (HSS) - Harsh, Kale, Solomonik",$O(kp(\log p/\epsilon)^(1/k)\log n) computational + O(kp(\log p/\epsilon)^(1/k)) communicstion$,,,elements in the input,False,formula not usable: nested asymptotic notation has no determinate value
Sorting,Non-Comparison Sorting,non-comparison sorting,parallel,2019.0,"Han, Mishra, Sayed",$O(n \log n / sqrt(loglog n))$,n,elements,elements in the input,True,kept
Sorting,Comparison Sorting,(general),parallel,2019.0,"modified parallel merge sort - Marszalek, Capizzi",$O(n^2)$,n,elements,elements in the input,True,kept
Sorting,Non-Comparison Sorting; Integer Sorting,integer sorting; non-comparison sorting,parallel,2020.0,Goyal (1),$O(n \log m)$,,,elements in the input,False,"also depends on 'm' (an undefined parameter), which has no worst-case bound in terms of elements in the input"
Sorting,Non-Comparison Sorting; Integer Sorting,integer sorting; non-comparison sorting,parallel,2020.0,Goyal (2),$O(p loglog m/ \log(p/n))$,,,elements in the input,False,"also depends on 'm' (an undefined parameter), 'p' (processors), which has no worst-case bound in terms of elements in the input"
Sorting,Comparison Sorting,(general),parallel,2020.0,"An, Oruc",$O(n^2)$,n,elements,elements in the input,True,kept
Sorting,Non-Comparison Sorting; Integer Sorting,integer sorting; non-comparison sorting,parallel,2021.0,Parallel Quick Sort Algorithm (PQSA) and Merging Subarrays from Quick Sort Algorithm (MSQSA) - Zeng,$O(n \log(n/p))$,,,elements in the input,False,"also depends on 'p' (number threads procesors), which has no worst-case bound in terms of elements in the input"
Sorting,Non-Comparison Sorting,non-comparison sorting,parallel,2021.0,"Moghaddam, Moghaddam",$O(np \log p) + O(np \log(\log p /p))$,,,elements in the input,False,formula not usable: nested asymptotic notation has no determinate value
Sorting,Non-Comparison Sorting; Integer Sorting,integer sorting; non-comparison sorting,parallel,2022.0,"Han, He",$O(n (\log n/ loglog n)^(1/2))$,n,elements,elements in the input,True,kept
Sorting,Comparison Sorting,(general),parallel,2022.0,Kunapuli,$O(n^2 \log^c(n))$,,,elements in the input,False,formula not usable: could not parse 'n^2 log ^c*(n)' (TypeError)
Sorting,Comparison Sorting,(general),parallel,2022.0,"2mm - Mubarak, Iqbal, Naeem, Hussain",,,,elements in the input,False,formula not usable: no formula recorded
Sorting,Comparison Sorting,(general),parallel,2022.0,"Parallel D&C Bubble Sort - Ganapathi, Chowdhury (1)",$O(n^2)$,n,elements,elements in the input,True,kept
Sorting,Comparison Sorting,(general),parallel,2022.0,"Parallel D&C Selection Sort - Ganapathi, Chowdhury (2)",$O(n^2)$,n,elements,elements in the input,True,kept
Sorting,Comparison Sorting,(general),parallel,2022.0,"Parallel D&C Insertion Sort - Ganapathi, Chowdhury (3)",$O(n^\log{3})$,n,elements,elements in the input,True,kept
Sorting,Comparison Sorting,(general),parallel,2022.0,Kasani (1),$O(n^3)$,,,elements in the input,False,"measured in number real numbers, but this family is compared in elements in the input"
Sorting,Comparison Sorting,(general),parallel,2022.0,Kasani (2),$O(n^2 \log{\log{n}})$,,,elements in the input,False,"measured in number real numbers, but this family is compared in elements in the input"
Sorting,Comparison Sorting,(general),parallel,2023.0,"Goodrich, Jacob",$O(nlog n) w/ high probability$,,,elements in the input,False,formula not usable: nested asymptotic notation has no determinate value
Sorting,Comparison Sorting,(general),parallel,2023.0,"Multi-Deque Partition DualDeque Merge Sorting algorithm (MPDMSort) - Ketchaya, Rattanatranurak",,,,elements in the input,False,formula not usable: no formula recorded
Sorting,,(general),quantum,1999.0,"Farhi, Goldstone, Gutmann, Sipser",O(n*log(n)),n,elements,elements in the input,True,kept
Sorting,,(general),quantum,2002.0,"Høyer, Neerbek, Shi",O(n*log(n)),n,elements,elements in the input,True,kept
Sorting,,(general),quantum,2006.0,"Childs, Landahl, Parrilo",O(n*log(n)),n,elements,elements in the input,True,kept
Sorting,,(general),quantum,2006.0,Quantum Merge Sort,O(n*log(n)),n,elements,elements in the input,True,kept
Sorting,,(general),quantum,2007.0,Jacokes,O(n*log(n)),n,elements,elements in the input,True,kept
Sorting,,(general),quantum,2008.0,"Ben-Or, Hassidim",,,,elements in the input,False,formula not usable: no formula recorded
Sorting,Comparison Sorting,(general),serial,1940.0,Insertion Sort,$O(n^2)$,,,elements in the input,False,year missing or outside 1950-2026
Sorting,Non-Comparison Sorting,non-comparison sorting,serial,1940.0,Bucket Sort,$O(n^2)$,,,elements in the input,False,year missing or outside 1950-2026
Sorting,Non-Comparison Sorting,non-comparison sorting,serial,1940.0,Radix Sort,$O(wn)$,,,elements in the input,False,year missing or outside 1950-2026
Sorting,Non-Comparison Sorting,non-comparison sorting,serial,1940.0,Insertion Sort,$O(n^2)$,,,elements in the input,False,year missing or outside 1950-2026
Sorting,Comparison Sorting,(general),serial,1945.0,Merge Sort,$O(n \log n)$,,,elements in the input,False,year missing or outside 1950-2026
Sorting,Non-Comparison Sorting,non-comparison sorting,serial,1954.0,Counting Sort,$O(n+k)$,,,elements in the input,False,"also depends on 'k' (range non negative key values), which has no worst-case bound in terms of elements in the input"
Sorting,Comparison Sorting,(general),serial,1956.0,Bubble Sort,$O(n^2)$,n,elements,elements in the input,True,kept
Sorting,Comparison Sorting,(general),serial,1959.0,Shell Sort (Shell),$O(n^2)$,n,elements,elements in the input,True,kept
Sorting,Comparison Sorting,(general),serial,1960.0,Shell Sort (Frank & Lazarus),$O(n^{1.5})$,n,elements,elements in the input,True,kept
Sorting,Comparison Sorting,(general),serial,1961.0,Quick Sort,$O(n^2)$,n,elements,elements in the input,True,kept
Sorting,Comparison Sorting,(general),serial,1962.0,Selection Sort,$O(n^2)$,n,elements,elements in the input,True,kept
Sorting,Comparison Sorting,(general),serial,1964.0,Heap Sort,$O(n \log n)$,n,elements,elements in the input,True,kept
Sorting,Comparison Sorting,(general),serial,1971.0,Shell Sort (Pratt),$O(n \log^2 n)$,n,elements,elements in the input,True,kept
Sorting,Comparison Sorting,(general),serial,1986.0,Tree sort,$O(n \log n)$,n,elements,elements in the input,True,kept
Sorting,Comparison Sorting,(general),serial,1986.0,Shell Sort (Sedgewick),$O(n^{1.33})$,n,elements,elements in the input,True,kept
Sorting,Comparison Sorting,(general),serial,1997.0,Intro Sort,$O(n \log n)$,n,elements,elements in the input,True,kept
Sorting,Non-Comparison Sorting,non-comparison sorting,serial,1998.0,Flash Sort,$O(n^2)$,n,elements,elements in the input,True,kept
Sorting,Comparison Sorting,(general),serial,2002.0,Tim Sort,$O(n \log n)$,n,elements,elements in the input,True,kept
Sorting,Non-Comparison Sorting,non-comparison sorting,serial,2002.0,Thorup's Sorting Algorithm,$O(n \log \log n)$,n,elements,elements in the input,True,kept
Sorting,Non-Comparison Sorting,non-comparison sorting,serial,2002.0,Bead Sort,$O(n)$,n,elements,elements in the input,True,kept
Sorting,Non-Comparison Sorting,non-comparison sorting,serial,2002.0,Spreadsort,$O(n \log n)$,n,elements,elements in the input,True,kept
Sorting,Non-Comparison Sorting,non-comparison sorting,serial,2004.0,Burst Sort,$O(wn)$,,,elements in the input,False,"also depends on 'w' (length word), which has no worst-case bound in terms of elements in the input"
Stable Matching Problem,Stable Marriage Problem,stable marriage problem,parallel,1984.0,S. S. TSENG and R. C. T. LEE,$O(n)$,n,raw:number men number women,number men number women,True,kept
Stable Matching Problem,Stable Marriage Problem,stable marriage problem,parallel,1994.0,"Tomas Feder, Nimrod Megiddo, Serge A. Plotkin",$O(\\\delta^{4.5} \\log^3(\\\delta)$ ?,,,number men number women,False,cannot tell what delta means (no definition given and the family is inconsistent)
Stable Matching Problem,Stable Marriage Problem,stable marriage problem,serial,1962.0,Gale–Shapley algorithm,$O(n^2)$,n,raw:number men number women,number men number women,True,kept
Stable Matching Problem,Stable Roommates Problem,stable roommates problem,serial,1985.0,Irving's Algorithm,$O(n^2)$,,,number men number women,False,"measured in number pairs roommates, but this family is compared in number men number women"
Stable Matching Problem,Arc Consistency?,arc consistency?,serial,1992.0,Hentenryck et. al.,$O(n^3)$,n,raw:number men number women,number men number women,True,kept
Stable Matching Problem,Stable Marriage Problem,stable marriage problem,serial,2001.0,Gent; I.P.; Irving; R.W.; Manlove; D.F.; Prosser; P.; Smith; B.M.,$O(n^2)$,n,raw:number men number women,number men number women,True,kept
Stable Matching Problem,Stable Marriage Problem,stable marriage problem,serial,2005.0,Manlove; Malley,$O(n^2)$,n,raw:number men number women,number men number women,True,kept
Stable Matching Problem,Stable Marriage Problem,stable marriage problem,serial,2005.0,Unsworth; C.; Prosser; P,$O(n^2)$,n,raw:number men number women,number men number women,True,kept
Stable Matching Problem,Stable Roommates Problem,stable roommates problem,serial,2014.0,Patrick Posser,$O(n^3)$,,,number men number women,False,"measured in number pairs roommates, but this family is compared in number men number women"
String Search,Single String Search,single string search,parallel,1985.0,Vishkin,$O(n)$,n,text_length,text length,True,kept
String Search,Single String Search,single string search,parallel,1989.0,Kedem et al.,$O(n)$,n,text_length,text length,True,kept
String Search,Single String Search,single string search,parallel,1989.0,Berkman et al.,$O(n)$,n,text_length,text length,True,kept
String Search,Single String Search,single string search,parallel,1995.0,Galil,$O(n)$,n,text_length,text length,True,kept
String Search,Single String Search,single string search,parallel,1995.0,"Czumaj, Galil, Gąsieniec, Park, Plandowski (1)",$O(n)$,n,text_length,text length,True,kept
String Search,Single String Search,single string search,parallel,1995.0,"Czumaj, Galil, Gąsieniec, Park, Plandowski (2)",$O(n \log n)$,n,text_length,text length,True,kept
String Search,Single String Search,single string search,parallel,1997.0,"Lee, Erçal",$O(nm)$,,,text length,False,"also depends on 'n' (pattern length), which has no worst-case bound in terms of text length"
String Search,Multiple String Search,multiple string search,parallel,1999.0,"Ferragina, Luccio",$O(n \log^2 n + km)?$ ?,,,text length,False,"also depends on 'k' (number patterns), 'm' (lenth patterns), which has no worst-case bound in terms of text length"
String Search,,(general),parallel,2012.0,"Rasool, Khare (parallel KMP)",$O(n)$,n,text_length,text length,True,kept
String Search,Single String Search,single string search,parallel,2013.0,"Alzoabi, Alosaimi, Bedaiwi",$O(n + m)$,,,text length,False,"also depends on 'm' (pattern length), which has no worst-case bound in terms of text length"
String Search,Single String Search,single string search,quantum,2000.0,"Ramesh, Vinay",O(sqrt(n)log(sqrt(n/m))log(m)+sqrt(m)log^2(m)),,,text length,False,"also depends on 'm' (pattern length), which has no worst-case bound in terms of text length"
String Search,Single String Search,single string search,serial,1940.0,Naïve string-search algorithm,$O(m(n-m+1))$,,,text length,False,year missing or outside 1950-2026
String Search,Single String Search,single string search,serial,1940.0,String-Matching with Finite Automata,$O(mn)$,,,text length,False,year missing or outside 1950-2026
String Search,Single String Search,single string search,serial,1964.0,Bitap algorithm,$O(mn)$,,,text length,False,"also depends on 'm' (pattern length), which has no worst-case bound in terms of text length"
String Search,Multiple String Search,multiple string search,serial,1975.0,Aho–Corasick (AC) Algorithm,$O(n + m + z)$,,,text length,False,"also depends on 'm' (pattern length), 'z' (number matches), which has no worst-case bound in terms of text length"
String Search,Single String Search,single string search,serial,1977.0,Knuth-Morris-Pratt (KMP) algorithm,$O(m+n)$,,,text length,False,"also depends on 'm' (pattern length), which has no worst-case bound in terms of text length"
String Search,Single String Search,single string search,serial,1977.0,Boyer-Moore (BM) algorithm,$O(mn + s)$,,,text length,False,"also depends on 'm' (pattern length), 's' (alphabet size), which has no worst-case bound in terms of text length"
String Search,Multiple String Search,multiple string search,serial,1979.0,Commentz-Walter Algorithm,$O(mn)$,,,text length,False,"also depends on 'm' (pattern length), which has no worst-case bound in terms of text length"
String Search,Single String Search,single string search,serial,1980.0,Boyer-Moore-Horspool (BMH),$O(mn + s)$,,,text length,False,"also depends on 'm' (pattern length), 's' (alphabet size), which has no worst-case bound in terms of text length"
String Search,Single String Search,single string search,serial,1986.0,Apostolico–Giancarlo Algorithm,$O(m + s + n)$,,,text length,False,"also depends on 'm' (pattern length), 's' (alphabet size), which has no worst-case bound in terms of text length"
String Search,Single String Search,single string search,serial,1987.0,Rabin-Karp (RK) algorithm,$O(mn)$,,,text length,False,"also depends on 'm' (pattern length), which has no worst-case bound in terms of text length"
String Search,Single String Search,single string search,serial,1991.0,Tuned Boyer-Moore algorithm,$O(mn)$,,,text length,False,"also depends on 'm' (pattern length), which has no worst-case bound in terms of text length"
String Search,Single String Search,single string search,serial,1991.0,Two-way String-Matching Algorithm,$O(n + m)$,,,text length,False,"also depends on 'm' (pattern length), which has no worst-case bound in terms of text length"
String Search,Single String Search,single string search,serial,1991.0,Raita Algorithm,$O(mn + s)$,,,text length,False,"also depends on 'm' (pattern length), 's' (alphabet size), which has no worst-case bound in terms of text length"
String Search,Single String Search,single string search,serial,1999.0,BOM (Backward Oracle Matching),$O(mn)$,,,text length,False,"also depends on 'm' (pattern length), which has no worst-case bound in terms of text length"
String Search,Single String Search,single string search,serial,2012.0,Quick-Skip Searching,$O(mn)$,,,text length,False,"also depends on 'm' (pattern length), which has no worst-case bound in terms of text length"
String Search,Single String Search,single string search,serial,2017.0,Fast Hybrid Algorithm,$O(n+m+s)$,,,text length,False,"also depends on 'm' (pattern length), 's' (alphabet size), which has no worst-case bound in terms of text length"
Strongly Connected Components,CC,connected components in an undirected graph,parallel,1976.0,Chandra,$n^(log7)*\log(n)$,,,vertices in the graph,False,"formula depends on too many parameters (g, l, n, o)"
Strongly Connected Components,Transitive Closure,transitive closure of a symmetric boolean matrix,parallel,1976.0,Hirschberg (1),$O(n^3 \log^2(n))$,n,vertices,vertices in the graph,True,kept
Strongly Connected Components,CC,connected components in an undirected graph,parallel,1976.0,Hirschberg (2),$O(n^2 \log^2(n))$,n,vertices,vertices in the graph,True,kept
Strongly Connected Components,SCCs; CC,(general); connected components in an undirected graph,parallel,1978.0,Reghbati (Arjomandi) and Corneil (1),$O(n+m)$ ?,n,vertices,vertices in the graph,True,kept; substituted worst-case edges in the graph for 'm'
Strongly Connected Components,CC;SCCs; Transitive Closure,(general); connected components in an undirected graph; transitive closure of a symmetric boolean matrix,parallel,1978.0,Reghbati (Arjomandi) and Corneil (2),$O(n^3 \log^2(n))$,n,vertices,vertices in the graph,True,kept
Strongly Connected Components,Transitive Closure; SCCs; CC,(general); connected components in an undirected graph; transitive closure of a symmetric boolean matrix,parallel,1978.0,Ja'Ja',$O(n^3 \log d)$,,,vertices in the graph,False,"also depends on 'd' (depth graph), which has no worst-case bound in terms of vertices in the graph"
Strongly Connected Components,SCCs; CC; Transitive Closure,(general); connected components in an undirected graph; transitive closure of a symmetric boolean matrix,parallel,1979.0,Hirschberg et al.,$O(n^2 \log^2(n))$,n,vertices,vertices in the graph,True,kept
Strongly Connected Components,CC,connected components in an undirected graph,parallel,1979.0,Wyllie,$O(\log^2(n)*(n+m))$,n,vertices,vertices in the graph,True,kept; substituted worst-case edges in the graph for 'm'
Strongly Connected Components,CC; Transitive Closure of a symmetric Boolean matrix,connected components in an undirected graph; transitive closure of a symmetric boolean matrix,parallel,1979.0,"Hirschberg, Chandra, Sarwate",$O(n^2*\log(n))$,n,vertices,vertices in the graph,True,kept
Strongly Connected Components,SCCs; Transitive Closure; CC,(general); connected components in an undirected graph; transitive closure of a symmetric boolean matrix,parallel,1982.0,Chin et al.,$O(n^2)$,n,vertices,vertices in the graph,True,kept
Strongly Connected Components,CC,connected components in an undirected graph,parallel,1982.0,Nath and Maheshwari,$O(n^2*\log(n))$,n,vertices,vertices in the graph,True,kept
Strongly Connected Components,CC,connected components in an undirected graph,parallel,1982.0,Shiloach and Vishkin,$O(m*\log(n))$,n,vertices,vertices in the graph,True,kept; substituted worst-case edges in the graph for 'm'
Strongly Connected Components,CC,connected components in an undirected graph,parallel,1982.0,Vishkin,$O(n^2)$,n,vertices,vertices in the graph,True,kept
Strongly Connected Components,CC,connected components in an undirected graph,parallel,1982.0,Kucera,$O(n^4*\log(n))$,n,vertices,vertices in the graph,True,kept
Strongly Connected Components,CC,connected components in an undirected graph,parallel,1985.0,"Koubek, Kršňáková (1)",$O((m+n)*\log(n))$,n,vertices,vertices in the graph,True,kept; substituted worst-case edges in the graph for 'm'
Strongly Connected Components,CC,connected components in an undirected graph,parallel,1985.0,"Koubek, Kršňáková (2)",$O((m+n)*\log(n))$,n,vertices,vertices in the graph,True,kept; substituted worst-case edges in the graph for 'm'
Strongly Connected Components,CC,connected components in an undirected graph,parallel,1985.0,Reif,$O(m+n)$,n,vertices,vertices in the graph,True,kept; substituted worst-case edges in the graph for 'm'
Strongly Connected Components,CC,connected components in an undirected graph,parallel,1986.0,Gazit,$O(m+n)$,n,vertices,vertices in the graph,True,kept; substituted worst-case edges in the graph for 'm'
Strongly Connected Components,CC,connected components in an undirected graph,parallel,1986.0,"Cole, Vishkin","$O((n+m) \\alpha(m,n))$",n,vertices,vertices in the graph,True,kept; substituted worst-case edges in the graph for 'm'
Strongly Connected Components,CC,connected components in an undirected graph,parallel,1987.0,"Cole, Vishkin","$O((n + m) \\alpha(m, n))$",n,vertices,vertices in the graph,True,kept; substituted worst-case edges in the graph for 'm'
Strongly Connected Components,CC,connected components in an undirected graph,parallel,1987.0,"Awerbuch, Shiloach",$O(m*\log m)$,,,vertices in the graph,False,"measured in edges in the graph, but this family is compared in vertices in the graph"
Strongly Connected Components,CC; Biconnected Components,biconnected components; connected components in an undirected graph,parallel,1990.0,"Kruskal, Rudolph, Snir",$O(m*\log(n)/\log(m) + n)$,n,vertices,vertices in the graph,True,kept; substituted worst-case edges in the graph for 'm'
Strongly Connected Components,CC,connected components in an undirected graph,parallel,1990.0,"Han, Wagner (1)",$O(m + (n \log n) + \log^2 n)$,n,vertices,vertices in the graph,True,kept; substituted worst-case edges in the graph for 'm'
Strongly Connected Components,CC,connected components in an undirected graph,parallel,1990.0,"Das, Deo, Prasad",$O(m + n)$,n,vertices,vertices in the graph,True,kept; substituted worst-case edges in the graph for 'm'
Strongly Connected Components,CC,connected components in an undirected graph,parallel,1990.0,"Han, Wagner (2)",$O(m + (n \log n) + p \log^2 n)$,,,vertices in the graph,False,"also depends on 'p' (processors), which has no worst-case bound in terms of vertices in the graph"
Strongly Connected Components,CC,connected components in an undirected graph,parallel,1991.0,"Cole, Vishkin","$O((n + m) \\alpha(m, n))$",n,vertices,vertices in the graph,True,kept; substituted worst-case edges in the graph for 'm'
Strongly Connected Components,CC,connected components in an undirected graph,parallel,1991.0,"Johnson, Metaxas",$O((m+n)\log^{3/2}(n))$,n,vertices,vertices in the graph,True,kept; substituted worst-case edges in the graph for 'm'
Strongly Connected Components,CC,connected components in an undirected graph,parallel,1992.0,"Karger, Nisan, Parnas (1)","$O(m+n^{1+\eps}), \eps>0$",,,vertices in the graph,False,formula not usable: nested asymptotic notation has no determinate value
Strongly Connected Components,CC,connected components in an undirected graph,parallel,1992.0,"Karger, Nisan, Parnas (2)",$O((m+n) \log \log n)$,n,vertices,vertices in the graph,True,kept; substituted worst-case edges in the graph for 'm'
Strongly Connected Components,CC,connected components in an undirected graph,parallel,1992.0,"Karger, Nisan, Parnas (3)",$O((m+n)\log^1.5(n))$,n,vertices,vertices in the graph,True,kept; substituted worst-case edges in the graph for 'm'
Strongly Connected Components,CC,connected components in an undirected graph,parallel,1993.0,"Chong, Lam",$O((n+m) \log n \log \log n)$,n,vertices,vertices in the graph,True,kept; substituted worst-case edges in the graph for 'm'
Strongly Connected Components,CC,connected components in an undirected graph,parallel,1994.0,"Halperin, Zwick",$O(m+n)$,n,vertices,vertices in the graph,True,kept; substituted worst-case edges in the graph for 'm'
Strongly Connected Components,CC,connected components in an undirected graph,parallel,1994.0,"Iwama, Kambayashi",$O(n \log(n) + m )$,n,vertices,vertices in the graph,True,kept; substituted worst-case edges in the graph for 'm'
Strongly Connected Components,CC,connected components in an undirected graph,parallel,2001.0,"Pettie, Ramachandran",$O(m+n)$,n,vertices,vertices in the graph,True,kept; substituted worst-case edges in the graph for 'm'
Strongly Connected Components,SCCs; CC,(general); connected components in an undirected graph,parallel,2008.0,Schudy,$O(pτ \log^2 n)$,,,vertices in the graph,False,"also depends on 'p' (processors), 'tau' (an undefined parameter), which has no worst-case bound in terms of vertices in the graph"
Strongly Connected Components,CC,connected components in an undirected graph,parallel,2014.0,"Shun, Dhulipala, Blelloch",$O(m)$,,,vertices in the graph,False,"measured in edges in the graph, but this family is compared in vertices in the graph"
Strongly Connected Components,Transitive Closure,transitive closure of a symmetric boolean matrix,parallel,2021.0,"Karczmarz, Sankowski",$\tilde{O}(nm+ (n/d)^3)$,,,vertices in the graph,False,"also depends on 'd' (depth parameter 1 n), which has no worst-case bound in terms of vertices in the graph"
Strongly Connected Components,Connected Components in an undirected graph,connected components in an undirected graph,quantum,2004.0,Quantum query complexity of some graph problems,O(n^(3/2)),n,vertices,vertices in the graph,True,kept
Strongly Connected Components,Transitive Closure of a symmetric Boolean matrix,transitive closure of a symmetric boolean matrix,quantum,2012.0,A Time-Efficient Output-Sensitive Quantum Algorithm for Boolean Mat...,O(n*sqrt(l) + l*sqrt(n)),,,vertices in the graph,False,"also depends on 'l' (number non zero entries transitive closure), which has no worst-case bound in terms of vertices in the graph"
Strongly Connected Components,Strongly Connected Components,(general),quantum,2021.0,Time and Query-Optimal Quantum Algorithms Based on Decision Trees,O(n^(3/2) (log n)^2),n,vertices,vertices in the graph,True,kept
Strongly Connected Components,Transitive Closure,transitive closure of a symmetric boolean matrix,serial,1970.0,Paul Purdom,$O(V^2+VE)$,V,vertices,vertices in the graph,True,kept; substituted worst-case edges in the graph for 'E'
Strongly Connected Components,SCCs,(general),serial,1971.0,Munro’s algorithm,$O(E + V \log V)$,V,vertices,vertices in the graph,True,kept; substituted worst-case edges in the graph for 'E'
Strongly Connected Components,SCCs,(general),serial,1972.0,Tarjan's strongly connected components algorithm,$O(V+E)$,V,vertices,vertices in the graph,True,kept; substituted worst-case edges in the graph for 'E'
Strongly Connected Components,SCCs,(general),serial,1976.0,Path-based strong components algorithm; Dijkstra,$O(V+E)$,V,vertices,vertices in the graph,True,kept; substituted worst-case edges in the graph for 'E'
Strongly Connected Components,SCCs,(general),serial,1978.0,Kosaraju's algorithm,$O(V+E)$,V,vertices,vertices in the graph,True,kept; substituted worst-case edges in the graph for 'E'
Strongly Connected Components,SCCs,(general),serial,1999.0,Couvreur,$O(V+E)$,V,vertices,vertices in the graph,True,kept; substituted worst-case edges in the graph for 'E'
Strongly Connected Components,SCCs,(general),serial,2000.0,Path-based depth-first search Gabow,$O(V+E)$,V,vertices,vertices in the graph,True,kept; substituted worst-case edges in the graph for 'E'
Strongly Connected Components,SCCs,(general),serial,2016.0,Pearce,$O(V+E)$,V,vertices,vertices in the graph,True,kept; substituted worst-case edges in the graph for 'E'
Subset Sum,Subset Sum,(general),parallel,1990.0,Djokić et al [enumeration of subsets],$O(n*2^n)$ ?,n,elements,elements in the input,True,kept
Subset Sum,Subset Sum,(general),parallel,1991.0,Ferreira,$O(n*2^(n/2))$,n,elements,elements in the input,True,kept
Subset Sum,Subset Sum,(general),parallel,1996.0,"Ferreira, Robson",$O(n * 2^(n/2) * sigma(2^(n/2)))$,,,elements in the input,False,"also depends on 'sigma' (an undefined parameter), which has no worst-case bound in terms of elements in the input"
Subset Sum,Subset Sum,(general),parallel,2007.0,"Sanches, Soma, Yanasse",$O(2^(n/2))$,n,elements,elements in the input,True,kept
Subset Sum,Subset Sum,(general),parallel,2008.0,Chedid,$O(2^(n/2))$,n,elements,elements in the input,True,kept
Subset Sum,Subset Sum,(general),parallel,2008.0,"Li, Li, Li",$O(2^(n/2))$,n,elements,elements in the input,True,kept
Subset Sum,Subset Sum,(general),parallel,2008.0,"Sanches, Soma, Yanasse [Algorithm 1]",$O(n(c - w_min) + (c + w_max - w_min) + n)$ ?,,,elements in the input,False,"formula depends on too many parameters (c, n, w_max, w_min)"
Subset Sum,Subset Sum,(general),parallel,2008.0,"Sanches, Soma, Yanasse [Algorithm 2a]",$O(n(c - 2*w_min) + c + n)$ ?,,,elements in the input,False,"also depends on 'c' (capacity), 'w_min' (minimum weight), which has no worst-case bound in terms of elements in the input"
Subset Sum,Subset Sum,(general),parallel,2008.0,"Sanches, Soma, Yanasse [Algorithm 3]",$O((n-2 \log c)(c - 2*w_min) + c + n - 2 \log c + \log^2 c)$ ?,,,elements in the input,False,"also depends on 'c' (capacity), 'w_min' (minimum weight), which has no worst-case bound in terms of elements in the input"
Subset Sum,Subset Sum,(general),parallel,2012.0,Bokhari,$O(nt)$,,,elements in the input,False,"also depends on 't' (target sum), which has no worst-case bound in terms of elements in the input"
Subset Sum,Subset Sum,(general),parallel,2012.0,Chedid,$O(2^(n/2))$,n,elements,elements in the input,True,kept
Subset Sum,Subset Sum,(general),parallel,2015.0,"Curtis, Sanches",$O(n(m-w_{min}))$,,,elements in the input,False,"also depends on 'm' (min c sum weights minus c), 'w_min' (minimum weight), which has no worst-case bound in terms of elements in the input"
Subset Sum,Subset Sum,(general),quantum,2009.0,Subset Sum Quantum Search,O(2^(n/2)),n,elements,elements in the input,True,kept
Subset Sum,Subset Sum,(general),quantum,2013.0,Subset Sum Quantum Search with a Modulus,O(2^(3n/8)),n,elements,elements in the input,True,kept
Subset Sum,Subset Sum,(general),quantum,2013.0,Subset Sum Quantum Left-Right Split,O(2^(n/3)),n,elements,elements in the input,True,kept
Subset Sum,Subset Sum,(general),quantum,2013.0,Subset Sum Quantum Walk,O(2^(n/3)),n,elements,elements in the input,True,kept
Subset Sum,Subset Sum,(general),quantum,2013.0,Subset Sum Quantum Walk with a Modulus,O(2^(0.3*n)),n,elements,elements in the input,True,kept
Subset Sum,Subset Sum,(general),quantum,2013.0,Subset Sum Quantum Walk with Moduli and Representations,O(2^(0.241*n)),n,elements,elements in the input,True,kept
Subset Sum,Subset Sum,(general),quantum,2018.0,Becker-Coron-Joux Quantum Walk,O(2^(0.226*n)),n,elements,elements in the input,True,kept
Subset Sum,Subset Sum,(general),quantum,2020.0,Quantum Asymetric Howgrave-Graham-Joux,O(2^(0.236*n)),n,elements,elements in the input,True,kept
Subset Sum,Subset Sum,(general),quantum,2020.0,"Bonnetain, Bricout, Schrottenloher, Shen 1",O(2^(0.216*n)),n,elements,elements in the input,True,kept
Subset Sum,Subset Sum,(general),quantum,2020.0,"Bonnetain, Bricout, Schrottenloher, Shen 2",O(2^(0.218*n)),n,elements,elements in the input,True,kept
Subset Sum,Subset Sum,(general),serial,1940.0,Naive algorithm,$O(n 2^n)$,,,elements in the input,False,year missing or outside 1950-2026
Subset Sum,Subset Sum,(general),serial,1956.0,Bellman dynamic programming algorithm,$O(nt)$,,,elements in the input,False,"also depends on 't' (target sum), which has no worst-case bound in terms of elements in the input"
Subset Sum,Subset Sum,(general),serial,1973.0,Faaland,$O(n' t)$,,,elements in the input,False,"formula not usable: could not parse ""n' t"" (TokenError)"
Subset Sum,Subset Sum,(general),serial,1974.0,Horowitz and Sahni,$O(2^{(n/2)} n)$,n,elements,elements in the input,True,kept
Subset Sum,Subset Sum,(general),serial,1997.0,Eppstein,$\tilde{O}(n \max(S))$,,,elements in the input,False,"also depends on 'S' (set), which has no worst-case bound in terms of elements in the input"
Subset Sum,Subset Sum,(general),serial,1999.0,Pferschy,$O(n' t)$,,,elements in the input,False,"formula not usable: could not parse ""n' t"" (TokenError)"
Subset Sum,Subset Sum,(general),serial,1999.0,Klinz,$O(\sigma^{3/2})$,,,elements in the input,False,"measured in sum integers set t, but this family is compared in elements in the input"
Subset Sum,Subset Sum,(general),serial,1999.0,Psinger,$O(n \max(S))$,,,elements in the input,False,"also depends on 'S' (set), which has no worst-case bound in terms of elements in the input"
Subset Sum,Subset Sum,(general),serial,2003.0,Pisinger,$O(nt/\log t)$,,,elements in the input,False,"also depends on 't' (target sum), which has no worst-case bound in terms of elements in the input"
Subset Sum,Subset Sum,(general),serial,2010.0,Lokshtanov,$\tilde{O}(n^3 t)$,,,elements in the input,False,"also depends on 't' (target sum), which has no worst-case bound in terms of elements in the input"
Subset Sum,Subset Sum,(general),serial,2014.0,Serang,$\tilde{O}(n \max(S))$,,,elements in the input,False,"also depends on 'S' (set), which has no worst-case bound in terms of elements in the input"
Subset Sum,Subset Sum,(general),serial,2015.0,Serang,$\tilde{O}(n \max(S))$,,,elements in the input,False,"also depends on 'S' (set), which has no worst-case bound in terms of elements in the input"
Subset Sum,Subset Sum,(general),serial,2019.0,Koiliaris and Xu,"$\tilde{O}(\min(\sqrt{n'}t, t^{5/4}, \sigma))$",,,elements in the input,False,"formula not usable: could not parse ""min (sqrt(n')t, t^(5/4), sigma )"" (TokenError)"
Texture Mapping,Specular Reflection,specular reflection,serial,1971.0,Phong,$O(n^3)$,,,an undefined parameter,False,"approximation algorithm, not comparable to an exact runtime"
Texture Mapping,Specular Reflection,specular reflection,serial,1973.0,Cook–Torrance (microfacets),$O(n^2)$,,,an undefined parameter,False,"approximation algorithm, not comparable to an exact runtime"
Texture Mapping,Environment Mapping,environment mapping,serial,1976.0,Blinn and Newell,-,,,an undefined parameter,False,"approximation algorithm, not comparable to an exact runtime"
Texture Mapping,Specular Reflection,specular reflection,serial,1977.0,Blinn–Phong,$O(n^3)$,,,an undefined parameter,False,"approximation algorithm, not comparable to an exact runtime"
Texture Mapping,Environment Mapping,environment mapping,serial,1984.0,Sphere mapping,-,,,an undefined parameter,False,"approximation algorithm, not comparable to an exact runtime"
Texture Mapping,Diffuse Reflection,diffuse reflection,serial,1985.0,Kajiya; J. Anisotropic Reflection Models 1985,$O(k n^2)$,,,an undefined parameter,False,"approximation algorithm, not comparable to an exact runtime"
Texture Mapping,Environment Mapping,environment mapping,serial,1986.0,Nate Green,$O(n^4)$,,,an undefined parameter,False,"approximation algorithm, not comparable to an exact runtime"
Texture Mapping,Specular Reflection,specular reflection,serial,1989.0,Ward anisotropic,$O(n^{1.67} \log^2 n)$,,,an undefined parameter,False,"approximation algorithm, not comparable to an exact runtime"
Texture Mapping,Diffuse Reflection,diffuse reflection,serial,1990.0,Nakamae; E.; Kaneda; K.; Okamoto; T.; and Nishita 1990,$O(k^3 n^2)$,,,an undefined parameter,False,"approximation algorithm, not comparable to an exact runtime"
Texture Mapping,Diffuse Reflection,diffuse reflection,serial,1990.0,Cabral; B.; Max; N.; and Springmeyer; R 1990,$O(k n^2)$,,,an undefined parameter,False,"approximation algorithm, not comparable to an exact runtime"
Texture Mapping,Diffuse Reflection,diffuse reflection,serial,1991.0,He; X. D.; Torrance; K. E.; Sillion; 1991,$O(k n^2)$,,,an undefined parameter,False,"approximation algorithm, not comparable to an exact runtime"
Texture Mapping,Diffuse Reflection,diffuse reflection,serial,1992.0,Westin; S. H.; Arvo; J. R.; and Torrance; K. E 1992,$O(k n^2)$,,,an undefined parameter,False,"approximation algorithm, not comparable to an exact runtime"
Texture Mapping,Diffuse Reflection,diffuse reflection,serial,1993.0,P.Hanrahan and W.Krueger 1993,$O(k n^2)$,,,an undefined parameter,False,"approximation algorithm, not comparable to an exact runtime"
Texture Mapping,Specular Reflection,specular reflection,serial,1995.0,Hanrahan–Krueger,$O(n^2 \log n)$,,,an undefined parameter,False,"approximation algorithm, not comparable to an exact runtime"
Texture Mapping,Environment Mapping,environment mapping,serial,1998.0,Heidrich; W.; and H.-P. Seidel,$O(n^3)$,,,an undefined parameter,False,"approximation algorithm, not comparable to an exact runtime"
Texture Mapping,Diffuse Reflection,diffuse reflection,serial,2001.0,H.W.Jensen 2001,$O(k^3 n)$,,,an undefined parameter,False,"approximation algorithm, not comparable to an exact runtime"
Texture Mapping,Environment Mapping,environment mapping,serial,2003.0,Emil Praun,$O(n^3)$,,,an undefined parameter,False,"approximation algorithm, not comparable to an exact runtime"
Texture Mapping,Environment Mapping,environment mapping,serial,2005.0,Mauro Steigleder,-,,,an undefined parameter,False,"approximation algorithm, not comparable to an exact runtime"
Texture Mapping,Environment Mapping,environment mapping,serial,2008.0,HEALPix mapping Wong,$O(n^2)$,,,an undefined parameter,False,"approximation algorithm, not comparable to an exact runtime"
Texture Synthesis,Texture Synthesis,(general),serial,1998.0,R. Paget ; I.D. Longstaff,$O(n^3)$,,,an undefined parameter,False,"approximation algorithm, not comparable to an exact runtime"
Texture Synthesis,Texture Synthesis,(general),serial,1999.0,non-parametric sampling Efros and Leung,$O(n^3)$,,,an undefined parameter,False,"approximation algorithm, not comparable to an exact runtime"
Texture Synthesis,Texture Synthesis,(general),serial,2000.0,tree-structured vector quantization Wei-Levoy,$O(n^2 \log n)$,,,an undefined parameter,False,"approximation algorithm, not comparable to an exact runtime"
Texture Synthesis,Texture Synthesis,(general),serial,2001.0,image analogies Hertzmann,$O(N \log n)$,,,an undefined parameter,False,"approximation algorithm, not comparable to an exact runtime"
Texture Synthesis,Texture Synthesis,(general),serial,2001.0,Image quilting Efros-Freeman,$O(n^3)$,,,an undefined parameter,False,"approximation algorithm, not comparable to an exact runtime"
Texture Synthesis,Texture Synthesis,(general),serial,2001.0,CNN Based Gatys; Leon A 2001,$O(n^3)$,,,an undefined parameter,False,"approximation algorithm, not comparable to an exact runtime"
Texture Synthesis,Texture Synthesis,(general),serial,2003.0,Kwatra 2003,$O(n^3)$,,,an undefined parameter,False,"approximation algorithm, not comparable to an exact runtime"
Texture Synthesis,Texture Synthesis,(general),serial,2017.0,"Spatial GAN-Based; Urs Bergmann, Nikolay Jetchev, Roland Vollgraf",$O(N)$,,,an undefined parameter,False,"approximation algorithm, not comparable to an exact runtime"
The Frequent Words Problem,The Frequent Words Problem,(general),serial,1940.0,Naive solution,$O(k(n-k)^2)$,,,an undefined parameter,False,year missing or outside 1950-2026
The Frequent Words Problem,The Frequent Words Problem,(general),serial,1987.0,Rabin-Karp (hashing-based),$O(k(n-k))$,,,an undefined parameter,False,family has no usable input-size parameter
Topological Sorting,Topological Sorting,(general),parallel,1962.0,Kahn,$10(M + M X E + 4A + 6E)*V$,,,vertices in the graph,False,"formula depends on too many parameters (A, E, M, V, X)"
Topological Sorting,Topological Sorting,(general),parallel,1981.0,Dekel; Nassimi & Sahni Parallel Implementation,$O(V^3\\log^2 V)$ ?,V,vertices,vertices in the graph,True,kept
Topological Sorting,Topological Sorting,(general),parallel,1983.0,Er,$O(Ln)$,,,vertices in the graph,False,"also depends on 'L' (length of the longer string), which has no worst-case bound in terms of vertices in the graph"
Topological Sorting,Topological Sorting,(general),parallel,1991.0,"Ma, Iwama, Takaoka, Gu",$O(M(n)logn)$,,,vertices in the graph,False,cannot tell what M means (no definition given and the family is inconsistent)
Topological Sorting,Topological Sorting,(general),parallel,1992.0,Chaudhuri,$O(n^3 logn)$,n,vertices,vertices in the graph,True,kept
Topological Sorting,Topological Sorting,(general),parallel,2003.0,"Li, Pan, Shen",$O(n^3)$,n,vertices,vertices in the graph,True,kept
Topological Sorting,Topological Sorting,(general),parallel,2008.0,Schudy,$O(m)$ ?,,,vertices in the graph,False,"measured in edges in the graph, but this family is compared in vertices in the graph"
Topological Sorting,Topological Sorting,(general),serial,1962.0,Kahn's algorithm,$O(V+E)$,V,vertices,vertices in the graph,True,kept; substituted worst-case edges in the graph for 'E'
Topological Sorting,Topological Sorting,(general),serial,1976.0,Tarjan's DFS based algorithm,$O(V+E)$,V,vertices,vertices in the graph,True,kept; substituted worst-case edges in the graph for 'E'
Tower of Hanoi,Tower of Hanoi,(general),serial,1883.0,Iteration based,$O(2^n)$,,,number disks,False,year missing or outside 1950-2026
Tower of Hanoi,Tower of Hanoi,(general),serial,1883.0,Recursion based,$O(2^n)$,,,number disks,False,year missing or outside 1950-2026
Tower of Hanoi,Tower of Hanoi,(general),serial,1883.0,Non-recursion based,$O(2^n)$,,,number disks,False,year missing or outside 1950-2026
Tower of Hanoi,Tower of Hanoi,(general),serial,1883.0,Gray-code based,$O(2^n)$,,,number disks,False,year missing or outside 1950-2026
Tower of Hanoi,Tower of Hanoi,(general),serial,2008.0,Hanoi graph,$O(3^n)$,n,raw:number disks,number disks,True,kept
Transitive Reduction Problem,Transitive Reduction Problem of Directed Graphs,transitive reduction problem of directed graphs,parallel,1988.0,Gibbons et al.,$O(n^3 \log^4 n)$,n,vertices,vertices in the graph,True,kept
Transitive Reduction Problem,Transitive Reduction Problem of Directed Graphs,transitive reduction problem of directed graphs,parallel,1990.0,"Chang, Henschen",$O(n^2 + sigma); can be treated as O(n^3)$,,,vertices in the graph,False,formula not usable: nested asymptotic notation has no determinate value
Transitive Reduction Problem,Transitive Reduction Problem of Directed Graphs,transitive reduction problem of directed graphs,parallel,2012.0,Bosnacki et al.,$O(n^3)$,n,vertices,vertices in the graph,True,kept
Transitive Reduction Problem,Transitive Reduction Problem of Directed Graphs,transitive reduction problem of directed graphs,serial,1972.0,"Aho, Garey & Ullman",$O(n^{\omega})$,,,vertices in the graph,False,"also depends on 'omega' (exponent on boolean matrix multiplication), which has no worst-case bound in terms of vertices in the graph"
Transitive Reduction Problem,Transitive Reduction Problem of Directed Graphs,transitive reduction problem of directed graphs,serial,1989.0,"Gries, Martin",$O(n^3)$,n,vertices,vertices in the graph,True,kept
Traveling Salesman,Minimum TSP,minimum tsp,quantum,2018.0,"Srinivasan, Satyajit, Behera, Panigrahi",,,,vertices in the graph,False,formula not usable: no formula recorded
Traveling Salesman,Approximate TSP,approximate tsp,quantum,2024.0,Solving The Travelling Salesman Problem Using A Single Qubit,,,,vertices in the graph,False,"approximation algorithm, not comparable to an exact runtime"
Traveling Salesman,Minimum TSP,minimum tsp,quantum,2025.0,Two-Step Quantum Search algorithm (TSQS) / Quantum Dynamic Programming,O(sqrt(2^(logd * N))),,,vertices in the graph,False,"measured in cities, maximum degree vertex, but this family is compared in vertices in the graph"
Traveling Salesman,Maximum TSP,maximum tsp,quantum,,,,,,vertices in the graph,False,year missing or outside 1950-2026
Traveling Salesman,Minimum TSP,minimum tsp,serial,1954.0,Dantzig-Fulkerson-Johnson (DFJ) formulation,$O(\text{exp}(V))$,V,vertices,vertices in the graph,True,kept
Traveling Salesman,Minimum TSP,minimum tsp,serial,1960.0,Miller-Tucker-Zemlin (MTZ) formulation,$\text{exp}(V)$,V,vertices,vertices in the graph,True,kept
Traveling Salesman,Minimum TSP,minimum tsp,serial,1962.0,Held–Karp algorithm,$O(V^2 2^V)$,V,vertices,vertices in the graph,True,kept
Traveling Salesman,Approximate TSP,approximate tsp,serial,1974.0,Rosenkrantz; D. J.; Stearns; R. E.; Lewis; P. M.,$O(V^2)$,,,vertices in the graph,False,"approximation algorithm, not comparable to an exact runtime"
Traveling Salesman,Approximate TSP,approximate tsp,serial,1976.0,Christofides algorithm,$O(V^3)$,,,vertices in the graph,False,"approximation algorithm, not comparable to an exact runtime"
Traveling Salesman,Approximate TSP,approximate tsp,serial,1981.0,Lin–Kernighan,$O(V^2)$,,,vertices in the graph,False,"approximation algorithm, not comparable to an exact runtime"
Traveling Salesman,Geometric Maximum TSP,geometric maximum tsp,serial,2003.0,Barvinok,$O(V^2 \log\log E)$,,,vertices in the graph,False,"approximation algorithm, not comparable to an exact runtime"
Traveling Salesman,Minimum TSP,minimum tsp,serial,2006.0,Applegate et al. (Concorde TSP Solver),$O(V^2 2^V)$?,,,vertices in the graph,False,"approximation algorithm, not comparable to an exact runtime"
Turnpike Problem,Turnpike Problem,(general),serial,1991.0,Outside-In algorithm,$O(2^n n \logn)$,n,points,input points,True,kept
Variance Calculations,Variance Calculations,(general),parallel,1979.0,Chan's algorithm Parallel Implementation,$O(n\log n)$,n,raw:number values,number values,True,kept
Variance Calculations,Variance Calculations,(general),parallel,2009.0,Bennett et. al,$O(n)$ ?,,,number values,False,"measured in input points, but this family is compared in number values"
Variance Calculations,Variance Calculations,(general),parallel,2018.0,"Schubert, Gertz",$O(n)$ ?,n,raw:number values,number values,True,kept
Variance Calculations,Variance Estimation,variance estimation,quantum,2024.0,Quantum Subroutine for Variance Estimation: Algorithmic Design and ...,O(\log N),,,number values,False,"approximation algorithm, not comparable to an exact runtime"
Variance Calculations,Variance Calculations,(general),serial,1940.0,Naïve algorithm,$O(n)$,,,number values,False,year missing or outside 1950-2026
Variance Calculations,Variance Calculations,(general),serial,1940.0,Two-pass algorithm,$O(n)$,,,number values,False,year missing or outside 1950-2026
Variance Calculations,Variance Calculations,(general),serial,1962.0,Welford's Online algorithm,$O(n)$,n,raw:number values,number values,True,kept
Variance Calculations,Variance Calculations,(general),serial,1979.0,Weighted incremental algorithm,$O(n)$,n,raw:number values,number values,True,kept
Vertex Cover,The Vertex Cover Problem,(general),parallel,1998.0,"Cesati, Ianni",$O(n^2(log n + k^k))$,,,vertices in the graph,False,"also depends on 'k' (solution size), which has no worst-case bound in terms of vertices in the graph"
Vertex Cover,The Vertex Cover Problem,(general),parallel,2003.0,Cheetham et. al.,$O(((1.325)^k k^2 + kn))$,,,vertices in the graph,False,"also depends on 'k' (solution size), which has no worst-case bound in terms of vertices in the graph"
Vertex Cover,The Vertex Cover Problem,(general),quantum,2023.0,"Wang, Liang, Bao, Wu",O(n^2*2^(n/2)),n,vertices,vertices in the graph,True,kept
Vertex Cover,The Vertex Cover Problem,(general),serial,1940.0,Brute force (backtracking search),$O(2^k n^{O(1)})$,,,vertices in the graph,False,year missing or outside 1950-2026
Vertex Cover,The Vertex Cover Problem,(general),serial,1993.0,Sam Buss,$O(kn + 2^k k^{2k + 2})$,,,vertices in the graph,False,"also depends on 'k' (solution size), which has no worst-case bound in terms of vertices in the graph"
Vertex Cover,The Vertex Cover Problem,(general),serial,1996.0,Balasubramanian; Fellows,$O(kn + 1.324718^k k^2)$,,,vertices in the graph,False,"also depends on 'k' (solution size), which has no worst-case bound in terms of vertices in the graph"
Vertex Cover,The Vertex Cover Problem,(general),serial,1996.0,Papadimitriou and M Yannakakis,$O(3^k n)$,,,vertices in the graph,False,"also depends on 'k' (solution size), which has no worst-case bound in terms of vertices in the graph"
Vertex Cover,The Vertex Cover Problem,(general),serial,1998.0,Downey,$O(kn + 1.31951^k k^2)$,,,vertices in the graph,False,"also depends on 'k' (solution size), which has no worst-case bound in terms of vertices in the graph"
Vertex Cover,The Vertex Cover Problem,(general),serial,1999.0,"Niedermeier, Rossmanith",$O(kn + 1.29175^k k^2)$,,,vertices in the graph,False,"also depends on 'k' (solution size), which has no worst-case bound in terms of vertices in the graph"
Vertex Cover,"The Vertex Cover Problem, Degrees Bounded By 3","the vertex cover problem, degrees bounded by 3",serial,2000.0,J. Chen; L. Liu; and W. Jia.,$O(k 1.2192^k)$,,,vertices in the graph,False,"measured in solution size, but this family is compared in vertices in the graph"
Vertex Cover,The Vertex Cover Problem,(general),serial,2001.0,Chen; I. Kanj; and W. Jia.,$O(kn + 1.2852^k)$,,,vertices in the graph,False,"also depends on 'k' (solution size), which has no worst-case bound in terms of vertices in the graph"
Vertex Cover,The Vertex Cover Problem,(general),serial,2004.0,Chandran and F. Grandoni,"$O(\min(1.2759^k k^{1.5}, 1.2745^k k^4) + kn)$",,,vertices in the graph,False,"also depends on 'k' (solution size), which has no worst-case bound in terms of vertices in the graph"
Vertex Cover,The Vertex Cover Problem,(general),serial,2006.0,Chen; I. Kanj; and W. Jia.,$O(1.2738^k+ kn)$,,,vertices in the graph,False,"also depends on 'k' (solution size), which has no worst-case bound in terms of vertices in the graph"
Voronoi Diagrams,Constuct Voronoi Diagram,constuct voronoi diagram,parallel,1980.0,Chow,$O(n \log^3 n)$,n,points,input points,True,kept
Voronoi Diagrams,,(general),parallel,1986.0,"Saxena, Bhatt, Prasad (1)",$O(n \log n)$,n,points,input points,True,kept
Voronoi Diagrams,,(general),parallel,1986.0,"Saxena, Bhatt, Prasad (2)",$O(n^2 \log n \log \log n)$,n,points,input points,True,kept
Voronoi Diagrams,,(general),parallel,1986.0,"Saxena, Bhatt, Prasad (3)",$O(n^3 \log \log n)$,n,points,input points,True,kept
Voronoi Diagrams,,(general),parallel,1986.0,"Saxena, Bhatt, Prasad (4)",$O(n^4)$,n,points,input points,True,kept
Voronoi Diagrams,Constuct Voronoi Diagram,constuct voronoi diagram,parallel,1987.0,"Dadoun, Kirkpatrick",$O(n \log^2 n)$,n,points,input points,True,kept
Voronoi Diagrams,Constuct Voronoi Diagram,constuct voronoi diagram,parallel,1988.0,"Aggarwal, Chazelle, Guibas, Ó'Dúnlaing, Yap",$O(n \log^2 n)$,n,points,input points,True,kept
Voronoi Diagrams,Constuct Voronoi Diagram,constuct voronoi diagram,parallel,1988.0,"Levcopoulos, Katajainen, Lingas",$O(n \log n)$ ?,n,points,input points,True,kept
Voronoi Diagrams,Constuct Voronoi Diagram,constuct voronoi diagram,parallel,1989.0,"Reif, Sen",$O(n \log n)$,n,points,input points,True,kept
Voronoi Diagrams,Constuct Voronoi Diagram,constuct voronoi diagram,parallel,1990.0,"Cole, Goodrich, Ó'Dúnlaing [Theorem 7.1]",$O(n \log^2 n)$,n,points,input points,True,kept
Voronoi Diagrams,Constuct Voronoi Diagram,constuct voronoi diagram,parallel,1990.0,"Cole, Goodrich, Ó'Dúnlaing [Theorem 7.2]",$O(n \log n)$,n,points,input points,True,kept
Voronoi Diagrams,Constuct Voronoi Diagram,constuct voronoi diagram,parallel,1998.0,"Diallol, Ferreira, Rau-Chaplin",$O(n \log n)$,n,points,input points,True,kept
Voronoi Diagrams,Constuct Voronoi Diagram,constuct voronoi diagram,parallel,2009.0,"Dong, Wu, Zhou [22-merger]",$O(n^2)$,n,points,input points,True,kept
Voronoi Diagrams,Constuct Voronoi Diagram,constuct voronoi diagram,parallel,2012.0,Reem,$O(n^2)$,n,points,input points,True,kept
Voronoi Diagrams,Constuct Voronoi Diagram,constuct voronoi diagram,parallel,2013.0,Xin et al.,$O(n \log n)$,n,points,input points,True,kept
Voronoi Diagrams,Constuct Voronoi Diagram,constuct voronoi diagram,parallel,2013.0,Wang et al.,$O(n \log n)$,n,points,input points,True,kept
Voronoi Diagrams,Voronoi Diagrams,(general),serial,1981.0,Bowyer–Watson algorithm,$O(n \log n)$,n,points,input points,True,kept
Voronoi Diagrams,Voronoi Diagrams,(general),serial,1986.0,Fortune's algorithm,$O(n \log n)$,n,points,input points,True,kept
